-- phpMyAdmin SQL Dump
-- version 3.5.1
-- http://www.phpmyadmin.net
--
-- Хост: 127.0.0.1
-- Время создания: Окт 21 2014 г., 15:07
-- Версия сервера: 5.5.25
-- Версия PHP: 5.3.13

SET SQL_MODE="NO_AUTO_VALUE_ON_ZERO";
SET time_zone = "+00:00";


/*!40101 SET @OLD_CHARACTER_SET_CLIENT=@@CHARACTER_SET_CLIENT */;
/*!40101 SET @OLD_CHARACTER_SET_RESULTS=@@CHARACTER_SET_RESULTS */;
/*!40101 SET @OLD_COLLATION_CONNECTION=@@COLLATION_CONNECTION */;
/*!40101 SET NAMES utf8 */;

--
-- База данных: `rus`
--

-- --------------------------------------------------------

--
-- Структура таблицы `vii_albums`
--

CREATE TABLE IF NOT EXISTS `vii_albums` (
  `aid` int(11) unsigned NOT NULL AUTO_INCREMENT,
  `user_id` int(11) unsigned NOT NULL,
  `name` varchar(100) NOT NULL,
  `descr` varchar(255) NOT NULL,
  `photo_num` smallint(6) unsigned NOT NULL,
  `comm_num` mediumint(8) unsigned NOT NULL,
  `ahash` varchar(32) NOT NULL,
  `adate` datetime NOT NULL,
  `cover` varchar(25) NOT NULL,
  `position` smallint(6) unsigned NOT NULL,
  `privacy` varchar(3) NOT NULL,
  PRIMARY KEY (`aid`),
  KEY `user_id` (`user_id`),
  KEY `photo_num` (`photo_num`),
  KEY `position` (`position`),
  KEY `privacy` (`privacy`),
  KEY `ahash` (`ahash`)
) ENGINE=MyISAM DEFAULT CHARSET=utf8 AUTO_INCREMENT=1 ;

-- --------------------------------------------------------

--
-- Структура таблицы `vii_antispam`
--

CREATE TABLE IF NOT EXISTS `vii_antispam` (
  `act` tinyint(3) NOT NULL,
  `user_id` int(11) NOT NULL,
  `date` int(10) NOT NULL,
  `txt` varchar(32) NOT NULL,
  KEY `act` (`act`,`user_id`,`date`),
  KEY `act_2` (`act`,`user_id`,`date`,`txt`)
) ENGINE=MyISAM DEFAULT CHARSET=utf8;

-- --------------------------------------------------------

--
-- Структура таблицы `vii_apps`
--

CREATE TABLE IF NOT EXISTS `vii_apps` (
  `id` int(11) NOT NULL AUTO_INCREMENT,
  `url` varchar(255) NOT NULL,
  `flash` varchar(255) NOT NULL DEFAULT '',
  `title` varchar(255) NOT NULL,
  `desc` varchar(255) NOT NULL,
  `img` varchar(255) NOT NULL,
  `secret` varchar(255) NOT NULL,
  `balance` int(10) NOT NULL DEFAULT '0',
  `cols` int(11) NOT NULL DEFAULT '0',
  `width` int(5) NOT NULL DEFAULT '696',
  `height` int(5) NOT NULL DEFAULT '800',
  `status` int(2) NOT NULL DEFAULT '-1',
  `type` int(11) NOT NULL,
  `admins` varchar(255) NOT NULL DEFAULT '|0|',
  `admins_num` int(11) NOT NULL DEFAULT '1',
  `user_id` int(10) NOT NULL,
  `app` int(11) NOT NULL,
  `url_embed` text NOT NULL,
  `api_embed` text NOT NULL,
  `iframe` text NOT NULL,
  `tb1.game_id` int(11) NOT NULL,
  PRIMARY KEY (`id`)
) ENGINE=MyISAM DEFAULT CHARSET=utf8 AUTO_INCREMENT=1 ;

-- --------------------------------------------------------

--
-- Структура таблицы `vii_apps_transactions`
--

CREATE TABLE IF NOT EXISTS `vii_apps_transactions` (
  `id` int(11) NOT NULL,
  `application_id` int(11) NOT NULL,
  `votes` int(11) NOT NULL,
  `from` int(11) NOT NULL,
  `whom` int(11) NOT NULL,
  `date` int(11) NOT NULL
) ENGINE=MyISAM DEFAULT CHARSET=utf8;

-- --------------------------------------------------------

--
-- Структура таблицы `vii_apps_users`
--

CREATE TABLE IF NOT EXISTS `vii_apps_users` (
  `id` int(11) NOT NULL AUTO_INCREMENT,
  `user_id` int(11) NOT NULL,
  `application_id` int(11) NOT NULL,
  `balance` int(10) NOT NULL DEFAULT '0',
  `date` int(11) NOT NULL,
  PRIMARY KEY (`id`)
) ENGINE=MyISAM DEFAULT CHARSET=utf8 AUTO_INCREMENT=1 ;

-- --------------------------------------------------------

--
-- Структура таблицы `vii_attach`
--

CREATE TABLE IF NOT EXISTS `vii_attach` (
  `id` int(11) NOT NULL AUTO_INCREMENT,
  `photo` varchar(255) NOT NULL,
  `ouser_id` int(11) NOT NULL,
  `acomm_num` mediumint(8) NOT NULL,
  `public_id` int(11) NOT NULL,
  `add_date` varchar(10) NOT NULL,
  PRIMARY KEY (`id`),
  KEY `photo` (`photo`),
  KEY `public_id` (`public_id`)
) ENGINE=MyISAM DEFAULT CHARSET=utf8 AUTO_INCREMENT=1 ;

-- --------------------------------------------------------

--
-- Структура таблицы `vii_attach_comm`
--

CREATE TABLE IF NOT EXISTS `vii_attach_comm` (
  `id` int(11) NOT NULL AUTO_INCREMENT,
  `forphoto` varchar(30) NOT NULL,
  `auser_id` int(11) NOT NULL,
  `text` text NOT NULL,
  `adate` varchar(10) NOT NULL,
  PRIMARY KEY (`id`),
  KEY `forphoto` (`forphoto`)
) ENGINE=MyISAM DEFAULT CHARSET=utf8 AUTO_INCREMENT=1 ;

-- --------------------------------------------------------

--
-- Структура таблицы `vii_audio`
--

CREATE TABLE IF NOT EXISTS `vii_audio` (
  `aid` int(11) unsigned NOT NULL AUTO_INCREMENT,
  `auser_id` int(11) unsigned NOT NULL,
  `url` text NOT NULL,
  `artist` varchar(50) NOT NULL,
  `name` varchar(50) NOT NULL,
  `adate` varchar(10) NOT NULL,
  `original` int(11) NOT NULL,
  PRIMARY KEY (`aid`),
  KEY `auser_id` (`auser_id`),
  KEY `adate` (`adate`),
  FULLTEXT KEY `artist` (`artist`,`name`)
) ENGINE=MyISAM DEFAULT CHARSET=utf8 AUTO_INCREMENT=1 ;

-- --------------------------------------------------------

--
-- Структура таблицы `vii_banned`
--

CREATE TABLE IF NOT EXISTS `vii_banned` (
  `id` int(11) NOT NULL AUTO_INCREMENT,
  `descr` text NOT NULL,
  `date` varchar(15) NOT NULL,
  `always` smallint(4) NOT NULL,
  `ip` varchar(50) NOT NULL,
  PRIMARY KEY (`id`)
) ENGINE=MyISAM DEFAULT CHARSET=utf8 AUTO_INCREMENT=1 ;

-- --------------------------------------------------------

--
-- Структура таблицы `vii_blog`
--

CREATE TABLE IF NOT EXISTS `vii_blog` (
  `id` int(11) unsigned NOT NULL AUTO_INCREMENT,
  `title` varchar(65) NOT NULL,
  `story` text NOT NULL,
  `date` varchar(15) NOT NULL,
  PRIMARY KEY (`id`),
  KEY `date` (`date`)
) ENGINE=MyISAM DEFAULT CHARSET=utf8 AUTO_INCREMENT=1 ;

-- --------------------------------------------------------

--
-- Структура таблицы `vii_chat`
--

CREATE TABLE IF NOT EXISTS `vii_chat` (
  `id` int(11) NOT NULL AUTO_INCREMENT,
  `user_id` int(11) NOT NULL,
  `text` text CHARACTER SET utf8 NOT NULL,
  `date` varchar(225) NOT NULL,
  PRIMARY KEY (`id`)
) ENGINE=MyISAM  DEFAULT CHARSET=latin1 AUTO_INCREMENT=231 ;

-- --------------------------------------------------------

--
-- Структура таблицы `vii_city`
--

CREATE TABLE IF NOT EXISTS `vii_city` (
  `id` int(11) unsigned NOT NULL AUTO_INCREMENT,
  `id_country` int(11) unsigned NOT NULL,
  `name` varchar(255) NOT NULL,
  PRIMARY KEY (`id`),
  KEY `id_country` (`id_country`)
) ENGINE=MyISAM  DEFAULT CHARSET=utf8 AUTO_INCREMENT=1589 ;

--
-- Дамп данных таблицы `vii_city`
--

INSERT INTO `vii_city` (`id`, `id_country`, `name`) VALUES
(1, 1, 'Абаза'),
(2, 1, 'Абакан'),
(3, 1, 'Абдулино'),
(4, 1, 'Абинск'),
(5, 1, 'Агидель'),
(6, 1, 'Агрыз'),
(7, 1, 'Адыгейск'),
(8, 1, 'Азнакаево'),
(9, 1, 'Азов'),
(10, 1, 'Ак-Довурак'),
(11, 1, 'Акбулак'),
(12, 1, 'Аксай'),
(13, 1, 'Алагир'),
(14, 1, 'Алапаевск'),
(15, 1, 'Алатырь'),
(16, 1, 'Алдан'),
(17, 1, 'Алейск'),
(18, 1, 'Александров'),
(19, 1, 'Александровск'),
(20, 1, 'Александровск-Сахалинский'),
(21, 1, 'Алексеевка'),
(22, 1, 'Алексин'),
(23, 1, 'Алзамай'),
(24, 1, 'Альметьевск'),
(25, 1, 'Амурск'),
(26, 1, 'Анадырь'),
(27, 1, 'Анапа'),
(28, 1, 'Ангарск'),
(29, 1, 'Андреаполь'),
(30, 1, 'Анжеро-Судженск'),
(31, 1, 'Анива'),
(32, 1, 'Апатиты'),
(33, 1, 'Апрелевка'),
(34, 1, 'Апшеронск'),
(35, 1, 'Арамиль'),
(36, 1, 'Аргун'),
(37, 1, 'Ардатов'),
(38, 1, 'Ардон'),
(39, 1, 'Арзамас'),
(40, 1, 'Аркадак'),
(41, 1, 'Армавир'),
(42, 1, 'Арсеньев'),
(43, 1, 'Артём'),
(44, 1, 'Артёмовск'),
(45, 1, 'Артёмовский'),
(46, 1, 'Архангельск'),
(47, 1, 'Асбест'),
(48, 1, 'Асино'),
(49, 1, 'Астрахань'),
(50, 1, 'Аткарск'),
(51, 1, 'Ахтубинск'),
(52, 1, 'Ачинск'),
(53, 1, 'Аша'),
(54, 1, 'Бабаево'),
(55, 1, 'Бабушкин'),
(56, 1, 'Бавлы'),
(57, 1, 'Багратионовск'),
(58, 1, 'Байкальск'),
(59, 1, 'Баймак'),
(60, 1, 'Бакал'),
(61, 1, 'Баксан'),
(62, 1, 'Балабаново'),
(63, 1, 'Балаково'),
(64, 1, 'Балахна'),
(65, 1, 'Балашиха'),
(66, 1, 'Балашов'),
(67, 1, 'Балей'),
(68, 1, 'Балтаси'),
(69, 1, 'Балтийск'),
(70, 1, 'Барабинск'),
(71, 1, 'Барнаул'),
(72, 1, 'Барыш'),
(73, 1, 'Батайск'),
(74, 1, 'Бежецк'),
(75, 1, 'Белая Калитва'),
(76, 1, 'Белая Холуница'),
(77, 1, 'Белгород'),
(78, 1, 'Белебей'),
(79, 1, 'Белёв'),
(80, 1, 'Белинский'),
(81, 1, 'Белово'),
(82, 1, 'Белогорск'),
(83, 1, 'Белозерск'),
(84, 1, 'Белокуриха'),
(85, 1, 'Беломорск'),
(86, 1, 'Белорецк'),
(87, 1, 'Белореченск'),
(88, 1, 'Белоярский'),
(89, 1, 'Белый'),
(90, 1, 'Бердск'),
(91, 1, 'Березники'),
(92, 1, 'Березовский'),
(93, 1, 'Беслан'),
(94, 1, 'Бийск'),
(95, 1, 'Бикин'),
(96, 1, 'Билибино'),
(97, 1, 'Биробиджан'),
(98, 1, 'Бирск'),
(99, 1, 'Бирюсинск'),
(100, 1, 'Благовещенск'),
(101, 1, 'Благовещенск'),
(102, 1, 'Благодарный'),
(103, 1, 'Бобров'),
(104, 1, 'Богданович'),
(105, 1, 'Богородицк'),
(106, 1, 'Богородск'),
(107, 1, 'Боготол'),
(108, 1, 'Богучар'),
(109, 1, 'Бодайбо'),
(110, 1, 'Бокситогорск'),
(111, 1, 'Болгар'),
(112, 1, 'Бологое'),
(113, 1, 'Болотное'),
(114, 1, 'Болохово'),
(115, 1, 'Болхов'),
(116, 1, 'Большой Камень'),
(117, 1, 'Бор'),
(118, 1, 'Борзя'),
(119, 1, 'Борисоглебск'),
(120, 1, 'Боровичи'),
(121, 1, 'Боровск'),
(122, 1, 'Бородино'),
(123, 1, 'Братск'),
(124, 1, 'Бронницы'),
(125, 1, 'Брянск'),
(126, 1, 'Бугульма'),
(127, 1, 'Бугуруслан'),
(128, 1, 'Будённовск'),
(129, 1, 'Бузулук'),
(130, 1, 'Буинск'),
(131, 1, 'Буй'),
(132, 1, 'Буйнакск'),
(133, 1, 'Бутурлиновка'),
(134, 1, 'Валдай'),
(135, 1, 'Валуйки'),
(136, 1, 'Велиж'),
(137, 1, 'Великие Луки'),
(138, 1, 'Великий Новгород'),
(139, 1, 'Великий Устюг'),
(140, 1, 'Вельск'),
(141, 1, 'Венёв'),
(142, 1, 'Верещагино'),
(143, 1, 'Верея'),
(144, 1, 'Верхнеуральск'),
(145, 1, 'Верхний Тагил'),
(146, 1, 'Верхний Уфалей'),
(147, 1, 'Верхняя Пышма'),
(148, 1, 'Верхняя Салда'),
(149, 1, 'Верхняя Тура'),
(150, 1, 'Верхотурье'),
(151, 1, 'Верхоянск'),
(152, 1, 'Весьегонск'),
(153, 1, 'Ветлуга'),
(154, 1, 'Видное'),
(155, 1, 'Вилюйск'),
(156, 1, 'Вилючинск'),
(157, 1, 'Вихоревка'),
(158, 1, 'Вичуга'),
(159, 1, 'Владивосток'),
(160, 1, 'Владикавказ'),
(161, 1, 'Владимир'),
(162, 1, 'Внуково'),
(163, 1, 'Волгоград'),
(164, 1, 'Волгодонск'),
(165, 1, 'Волгореченск'),
(166, 1, 'Волжск'),
(167, 1, 'Волжский'),
(168, 1, 'Вологда'),
(169, 1, 'Володарск'),
(170, 1, 'Волоколамск'),
(171, 1, 'Волосово'),
(172, 1, 'Волхов'),
(173, 1, 'Волчанск'),
(174, 1, 'Вольск'),
(175, 1, 'Воркута'),
(176, 1, 'Воронеж'),
(177, 1, 'Ворсма'),
(178, 1, 'Воскресенск'),
(179, 1, 'Воткинск'),
(180, 1, 'Всеволожск'),
(181, 1, 'Вуктыл'),
(182, 1, 'Выборг'),
(183, 1, 'Выкса'),
(184, 1, 'Высоковск'),
(185, 1, 'Высоцк'),
(186, 1, 'Вытегра'),
(187, 1, 'Вышний Волочек'),
(188, 1, 'Вяземский'),
(189, 1, 'Вязники'),
(190, 1, 'Вязьма'),
(191, 1, 'Вятские Поляны'),
(192, 1, 'Гаврилов Посад'),
(193, 1, 'Гаврилов-Ям'),
(194, 1, 'Гагарин'),
(195, 1, 'Гаджиево'),
(196, 1, 'Гай'),
(197, 1, 'Галич'),
(198, 1, 'Гатчина'),
(199, 1, 'Гвардейск'),
(200, 1, 'Гдов'),
(201, 1, 'Геленджик'),
(202, 1, 'Георгиевск'),
(203, 1, 'Глазов'),
(204, 1, 'Голицыно'),
(205, 1, 'Горбатов'),
(206, 1, 'Горно-Алтайск'),
(207, 1, 'Горнозаводск'),
(208, 1, 'Горняк'),
(209, 1, 'Городец'),
(210, 1, 'Городище'),
(211, 1, 'Городовиковск'),
(212, 1, 'Гороховец'),
(213, 1, 'Горячий Ключ'),
(214, 1, 'Грайворон'),
(215, 1, 'Гремячинск'),
(216, 1, 'Грозный'),
(217, 1, 'Грязи'),
(218, 1, 'Грязовец'),
(219, 1, 'Губаха'),
(220, 1, 'Губкин'),
(221, 1, 'Губкинский'),
(222, 1, 'Гудермес'),
(223, 1, 'Гуково'),
(224, 1, 'Гулькевичи'),
(225, 1, 'Гусев'),
(226, 1, 'Гусиноозёрск'),
(227, 1, 'Гусь-Хрустальный'),
(228, 1, 'Давлеканово'),
(229, 1, 'Дагестанские Огни'),
(230, 1, 'Далматово'),
(231, 1, 'Дальнегорск'),
(232, 1, 'Дальнереченск'),
(233, 1, 'Данилов'),
(234, 1, 'Данков'),
(235, 1, 'Дегтярск'),
(236, 1, 'Дедовск'),
(237, 1, 'Демидов'),
(238, 1, 'Дербент'),
(239, 1, 'Десногорск'),
(240, 1, 'Дзержинск'),
(241, 1, 'Дзержинский'),
(242, 1, 'Дивногорск'),
(243, 1, 'Дигора'),
(244, 1, 'Димитровград'),
(245, 1, 'Дмитриев-Льговский'),
(246, 1, 'Дмитров'),
(247, 1, 'Дмитровск'),
(248, 1, 'Дно'),
(249, 1, 'Добрянка'),
(250, 1, 'Долгопрудный'),
(251, 1, 'Долинск'),
(252, 1, 'Домодедово'),
(253, 1, 'Донецк'),
(254, 1, 'Донской'),
(255, 1, 'Дорогобуж'),
(256, 1, 'Дрезна'),
(257, 1, 'Дубна'),
(258, 1, 'Дубовка'),
(259, 1, 'Дудинка'),
(260, 1, 'Духовщина'),
(261, 1, 'Дюртюли'),
(262, 1, 'Дятьково'),
(263, 1, 'Егорьевск'),
(264, 1, 'Ейск'),
(265, 1, 'Екатеринбург'),
(266, 1, 'Елабуга'),
(267, 1, 'Елец'),
(268, 1, 'Елизово'),
(269, 1, 'Ельня'),
(270, 1, 'Еманжелинск'),
(271, 1, 'Емва'),
(272, 1, 'Енисейск'),
(273, 1, 'Ершов'),
(274, 1, 'Ессентуки'),
(275, 1, 'Ефремов'),
(276, 1, 'Железноводск'),
(277, 1, 'Железногорск'),
(278, 1, 'Железногорск'),
(279, 1, 'Железногорск-Илимский'),
(280, 1, 'Железнодорожный'),
(281, 1, 'Жердевка'),
(282, 1, 'Жигулевск'),
(283, 1, 'Жиздра'),
(284, 1, 'Жирновск'),
(285, 1, 'Жуков'),
(286, 1, 'Жуковка'),
(287, 1, 'Жуковский'),
(288, 1, 'Завитинск'),
(289, 1, 'Заводоуковск'),
(290, 1, 'Заволжск'),
(291, 1, 'Заволжье'),
(292, 1, 'Задонск'),
(293, 1, 'Заинск'),
(294, 1, 'Закаменск'),
(295, 1, 'Заозёрный'),
(296, 1, 'Заозёрск'),
(297, 1, 'Западная Двина'),
(298, 1, 'Заполярный'),
(299, 1, 'Заполярный'),
(300, 1, 'Зарайск'),
(301, 1, 'Заринск'),
(302, 1, 'Звенигово'),
(303, 1, 'Звенигород'),
(304, 1, 'Зверево'),
(305, 1, 'Зеленогорск'),
(306, 1, 'Зеленоград'),
(307, 1, 'Зеленоградск'),
(308, 1, 'Зеленодольск'),
(309, 1, 'Зеленокумск'),
(310, 1, 'Зерноград'),
(311, 1, 'Зея'),
(312, 1, 'Зима'),
(313, 1, 'Златоуст'),
(314, 1, 'Злынка'),
(315, 1, 'Змеиногорск'),
(316, 1, 'Знаменск'),
(317, 1, 'Зубцов'),
(318, 1, 'Зуевка'),
(319, 1, 'Ивангород'),
(320, 1, 'Иваново'),
(321, 1, 'Ивантеевка'),
(322, 1, 'Ивдель'),
(323, 1, 'Игарка'),
(324, 1, 'Ижевск'),
(325, 1, 'Избербаш'),
(326, 1, 'Изборск'),
(327, 1, 'Изобильный'),
(328, 1, 'Иланский'),
(329, 1, 'Инза'),
(330, 1, 'Инсар'),
(331, 1, 'Инта'),
(332, 1, 'Ипатово'),
(333, 1, 'Ирбит'),
(334, 1, 'Иркутск'),
(335, 1, 'Исилькуль'),
(336, 1, 'Искитим'),
(337, 1, 'Истра'),
(338, 1, 'Ишим'),
(339, 1, 'Ишимбай'),
(340, 1, 'Йошкар-Ола'),
(341, 1, 'Кадников'),
(342, 1, 'Казань'),
(343, 1, 'Кайеркан'),
(344, 1, 'Калач'),
(345, 1, 'Калач-на-Дону'),
(346, 1, 'Калачинск'),
(347, 1, 'Калининград'),
(348, 1, 'Калининск'),
(349, 1, 'Калтан'),
(350, 1, 'Калуга'),
(351, 1, 'Калязин'),
(352, 1, 'Камбарка'),
(353, 1, 'Каменка'),
(354, 1, 'Каменногорск'),
(355, 1, 'Каменск-Уральский'),
(356, 1, 'Каменск-Шахтинский'),
(357, 1, 'Камень-на-Оби'),
(358, 1, 'Камешково'),
(359, 1, 'Камызяк'),
(360, 1, 'Камышин'),
(361, 1, 'Камышлов'),
(362, 1, 'Канаш'),
(363, 1, 'Кандалакша'),
(364, 1, 'Канск'),
(365, 1, 'Карабаново'),
(366, 1, 'Карабаш'),
(367, 1, 'Карабулак'),
(368, 1, 'Карасук'),
(369, 1, 'Карачаевск'),
(370, 1, 'Карачев'),
(371, 1, 'Каргат'),
(372, 1, 'Каргополь'),
(373, 1, 'Карпинск'),
(374, 1, 'Карталы'),
(375, 1, 'Касимов'),
(376, 1, 'Касли'),
(377, 1, 'Каспийск'),
(378, 1, 'Катав-Ивановск'),
(379, 1, 'Катайск'),
(380, 1, 'Качканар'),
(381, 1, 'Кашин'),
(382, 1, 'Кашира'),
(383, 1, 'Кедровый'),
(384, 1, 'Кемерово'),
(385, 1, 'Кемь'),
(386, 1, 'Кизел'),
(387, 1, 'Кизилюрт'),
(388, 1, 'Кизляр'),
(389, 1, 'Кимовск'),
(390, 1, 'Кимры'),
(391, 1, 'Кингисепп'),
(392, 1, 'Кинель'),
(393, 1, 'Кинешма'),
(394, 1, 'Киреевск'),
(395, 1, 'Киренск'),
(396, 1, 'Киржач'),
(397, 1, 'Кириллов'),
(398, 1, 'Кириши'),
(399, 1, 'Киров'),
(400, 1, 'Киров'),
(401, 1, 'Кировград'),
(402, 1, 'Кирово-Чепецк'),
(403, 1, 'Кировск'),
(404, 1, 'Кировск'),
(405, 1, 'Кирс'),
(406, 1, 'Кирсанов'),
(407, 1, 'Киселёвск'),
(408, 1, 'Кисловодск'),
(409, 1, 'Климовск'),
(410, 1, 'Клин'),
(411, 1, 'Клинцы'),
(412, 1, 'Княгинино'),
(413, 1, 'Ковдор'),
(414, 1, 'Ковров'),
(415, 1, 'Ковылкино'),
(416, 1, 'Когалым'),
(417, 1, 'Кодинск'),
(418, 1, 'Козельск'),
(419, 1, 'Козловка'),
(420, 1, 'Козьмодемьянск'),
(421, 1, 'Кола'),
(422, 1, 'Кологрив'),
(423, 1, 'Коломна'),
(424, 1, 'Колпашево'),
(425, 1, 'Колпино'),
(426, 1, 'Кольчугино'),
(427, 1, 'Коммунар'),
(428, 1, 'Комсомольск'),
(429, 1, 'Комсомольск-на-Амуре'),
(430, 1, 'Конаково'),
(431, 1, 'Кондопога'),
(432, 1, 'Кондрово'),
(433, 1, 'Константиновск'),
(434, 1, 'Копейск'),
(435, 1, 'Кораблино'),
(436, 1, 'Кореновск'),
(437, 1, 'Коркино'),
(438, 1, 'Королев'),
(439, 1, 'Короча'),
(440, 1, 'Корсаков'),
(441, 1, 'Коряжма'),
(442, 1, 'Костерёво'),
(443, 1, 'Костомукша'),
(444, 1, 'Кострома'),
(445, 1, 'Котельники'),
(446, 1, 'Котельниково'),
(447, 1, 'Котельнич'),
(448, 1, 'Котлас'),
(449, 1, 'Котово'),
(450, 1, 'Котовск'),
(451, 1, 'Кохма'),
(452, 1, 'Красавино'),
(453, 1, 'Красновишерск'),
(454, 1, 'Красногвардейское'),
(455, 1, 'Красногорск'),
(456, 1, 'Краснодар'),
(457, 1, 'Краснозаводск'),
(458, 1, 'Краснознаменск'),
(459, 1, 'Краснознаменск'),
(460, 1, 'Краснокаменск'),
(461, 1, 'Краснокамск'),
(462, 1, 'Краснослободск'),
(463, 1, 'Краснотурьинск'),
(464, 1, 'Красноуральск'),
(465, 1, 'Красноуфимск'),
(466, 1, 'Красноярск'),
(467, 1, 'Красный Кут'),
(468, 1, 'Красный Сулин'),
(469, 1, 'Красный Холм'),
(470, 1, 'Кронштадт'),
(471, 1, 'Кропоткин'),
(472, 1, 'Крымск'),
(473, 1, 'Кстово'),
(474, 1, 'Кубинка'),
(475, 1, 'Кувандык'),
(476, 1, 'Кувшиново'),
(477, 1, 'Кудымкар'),
(478, 1, 'Кузнецк'),
(479, 1, 'Куйбышев'),
(480, 1, 'Кулебаки'),
(481, 1, 'Кумертау'),
(482, 1, 'Кунгур'),
(483, 1, 'Купино'),
(484, 1, 'Курган'),
(485, 1, 'Курганинск'),
(486, 1, 'Курильск'),
(487, 1, 'Курлово'),
(488, 1, 'Куровское'),
(489, 1, 'Курск'),
(490, 1, 'Куртамыш'),
(491, 1, 'Курчатов'),
(492, 1, 'Куса'),
(493, 1, 'Кушва'),
(494, 1, 'Кызыл'),
(495, 1, 'Кыштым'),
(496, 1, 'Кяхта'),
(497, 1, 'Лабинск'),
(498, 1, 'Лабытнанги'),
(499, 1, 'Лагань'),
(500, 1, 'Ладушкин'),
(501, 1, 'Лаишево'),
(502, 1, 'Лакинск'),
(503, 1, 'Лангепас'),
(504, 1, 'Лахденпохья'),
(505, 1, 'Лебедянь'),
(506, 1, 'Лениногорск'),
(507, 1, 'Ленинск'),
(508, 1, 'Ленинск-Кузнецкий'),
(509, 1, 'Ленинское'),
(510, 1, 'Ленск'),
(511, 1, 'Лермонтов'),
(512, 1, 'Лесной'),
(513, 1, 'Лесозаводск'),
(514, 1, 'Лесосибирск'),
(515, 1, 'Ливны'),
(516, 1, 'Ликино-Дулёво'),
(517, 1, 'Липецк'),
(518, 1, 'Липки'),
(519, 1, 'Лиски'),
(520, 1, 'Листвянка'),
(521, 1, 'Лихославль'),
(522, 1, 'Лобня'),
(523, 1, 'Лодейное Поле'),
(524, 1, 'Ломоносов'),
(525, 1, 'Лосино-Петровский'),
(526, 1, 'Луга'),
(527, 1, 'Луза'),
(528, 1, 'Лукоянов'),
(529, 1, 'Луховицы'),
(530, 1, 'Лысково'),
(531, 1, 'Лысьва'),
(532, 1, 'Лыткарино'),
(533, 1, 'Льгов'),
(534, 1, 'Любань'),
(535, 1, 'Люберцы'),
(536, 1, 'Любим'),
(537, 1, 'Людиново'),
(538, 1, 'Лянтор'),
(539, 1, 'Магадан'),
(540, 1, 'Магас'),
(541, 1, 'Магнитогорск'),
(542, 1, 'Майкоп'),
(543, 1, 'Майский'),
(544, 1, 'Макаров'),
(545, 1, 'Макарьев'),
(546, 1, 'Макушино'),
(547, 1, 'Малая Вишера'),
(548, 1, 'Малгобек'),
(549, 1, 'Малмыж'),
(550, 1, 'Малоархангельск'),
(551, 1, 'Малоярославец'),
(552, 1, 'Мамадыш'),
(553, 1, 'Мамоново'),
(554, 1, 'Мантурово'),
(555, 1, 'Мариинск'),
(556, 1, 'Мариинский Посад'),
(557, 1, 'Маркс'),
(558, 1, 'Махачкала'),
(559, 1, 'Мглин'),
(560, 1, 'Мегион'),
(561, 1, 'Медвежьегорск'),
(562, 1, 'Медногорск'),
(563, 1, 'Медынь'),
(564, 1, 'Межгорье'),
(565, 1, 'Междуреченск'),
(566, 1, 'Мезень'),
(567, 1, 'Меленки'),
(568, 1, 'Мелеуз'),
(569, 1, 'Менделеевск'),
(570, 1, 'Мензелинск'),
(571, 1, 'Мещовск'),
(572, 1, 'Миасс'),
(573, 1, 'Микунь'),
(574, 1, 'Миллерово'),
(575, 1, 'Минеральные Воды'),
(576, 1, 'Минусинск'),
(577, 1, 'Миньяр'),
(578, 1, 'Мирный'),
(579, 1, 'Мирный'),
(580, 1, 'Михайлов'),
(581, 1, 'Михайловка'),
(582, 1, 'Михайловск'),
(583, 1, 'Михайловск'),
(584, 1, 'Мичуринск'),
(585, 1, 'Могоча'),
(586, 1, 'Можайск'),
(587, 1, 'Можга'),
(588, 1, 'Моздок'),
(589, 1, 'Мончегорск'),
(590, 1, 'Морозовск'),
(591, 1, 'Моршанск'),
(592, 1, 'Мосальск'),
(593, 1, 'Москва'),
(594, 1, 'Московский'),
(595, 1, 'Муравленко'),
(596, 1, 'Мураши'),
(597, 1, 'Мурманск'),
(598, 1, 'Муром'),
(599, 1, 'Мценск'),
(600, 1, 'Мыски'),
(601, 1, 'Мытищи'),
(602, 1, 'Мышкин'),
(603, 1, 'Набережные Челны'),
(604, 1, 'Навашино'),
(605, 1, 'Наволоки'),
(606, 1, 'Надым'),
(607, 1, 'Назарово'),
(608, 1, 'Назрань'),
(609, 1, 'Называевск'),
(610, 1, 'Нальчик'),
(611, 1, 'Нариманов'),
(612, 1, 'Наро-Фоминск'),
(613, 1, 'Нарткала'),
(614, 1, 'Нарьян-Мар'),
(615, 1, 'Находка'),
(616, 1, 'Невель'),
(617, 1, 'Невельск'),
(618, 1, 'Невинномысск'),
(619, 1, 'Невьянск'),
(620, 1, 'Нелидово'),
(621, 1, 'Неман'),
(622, 1, 'Нерехта'),
(623, 1, 'Нерчинск'),
(624, 1, 'Нерюнгри'),
(625, 1, 'Нестеров'),
(626, 1, 'Нефтегорск'),
(627, 1, 'Нефтекамск'),
(628, 1, 'Нефтекумск'),
(629, 1, 'Нефтеюганск'),
(630, 1, 'Нея'),
(631, 1, 'Нижневартовск'),
(632, 1, 'Нижнекамск'),
(633, 1, 'Нижнеудинск'),
(634, 1, 'Нижние Серги'),
(635, 1, 'Нижний Ломов'),
(636, 1, 'Нижний Новгород'),
(637, 1, 'Нижний Тагил'),
(638, 1, 'Нижняя Салда'),
(639, 1, 'Нижняя Тура'),
(640, 1, 'Николаевск'),
(641, 1, 'Николаевск-на-Амуре'),
(642, 1, 'Никольск'),
(643, 1, 'Никольское'),
(644, 1, 'Новая Ладога'),
(645, 1, 'Новая Ляля'),
(646, 1, 'Новоалександровск'),
(647, 1, 'Новоалтайск'),
(648, 1, 'Новоаннинский'),
(649, 1, 'Нововоронеж'),
(650, 1, 'Новодвинск'),
(651, 1, 'Новозыбков'),
(652, 1, 'Новокубанск'),
(653, 1, 'Новокузнецк'),
(654, 1, 'Новокуйбышевск'),
(655, 1, 'Новомичуринск'),
(656, 1, 'Новомосковск'),
(657, 1, 'Новопавловск'),
(658, 1, 'Новоржев'),
(659, 1, 'Новороссийск'),
(660, 1, 'Новосибирск'),
(661, 1, 'Новосиль'),
(662, 1, 'Новосокольники'),
(663, 1, 'Новотроицк'),
(664, 1, 'Новоузенск'),
(665, 1, 'Новоульяновск'),
(666, 1, 'Новоуральск'),
(667, 1, 'Новохопёрск'),
(668, 1, 'Новочебоксарск'),
(669, 1, 'Новочеркасск'),
(670, 1, 'Новошахтинск'),
(671, 1, 'Новый Оскол'),
(672, 1, 'Новый Уренгой'),
(673, 1, 'Ногинск'),
(674, 1, 'Нолинск'),
(675, 1, 'Норильск'),
(676, 1, 'Ноябрьск'),
(677, 1, 'Нурлат'),
(678, 1, 'Нытва'),
(679, 1, 'Нюрба'),
(680, 1, 'Нягань'),
(681, 1, 'Нязепетровск'),
(682, 1, 'Няндома'),
(683, 1, 'Облучье'),
(684, 1, 'Обнинск'),
(685, 1, 'Обоянь'),
(686, 1, 'Одинцово'),
(687, 1, 'Ожерелье'),
(688, 1, 'Озёрск'),
(689, 1, 'Озёры'),
(690, 1, 'Октябрьск'),
(691, 1, 'Октябрьский'),
(692, 1, 'Окуловка'),
(693, 1, 'Олёкминск'),
(694, 1, 'Оленегорск'),
(695, 1, 'Олонец'),
(696, 1, 'Омск'),
(697, 1, 'Омутнинск'),
(698, 1, 'Онега'),
(699, 1, 'Опочка'),
(700, 1, 'Орел'),
(701, 1, 'Оренбург'),
(702, 1, 'Орехово-Зуево'),
(703, 1, 'Орлов'),
(704, 1, 'Орск'),
(705, 1, 'Оса'),
(706, 1, 'Осинники'),
(707, 1, 'Осташков'),
(708, 1, 'Остров'),
(709, 1, 'Островной'),
(710, 1, 'Острогожск'),
(711, 1, 'Отрадное'),
(712, 1, 'Отрадный'),
(713, 1, 'Оха'),
(714, 1, 'Оханск'),
(715, 1, 'Очёр'),
(716, 1, 'Павлово'),
(717, 1, 'Павловск'),
(718, 1, 'Павловский Посад'),
(719, 1, 'Палласовка'),
(720, 1, 'Партизанск'),
(721, 1, 'Певек'),
(722, 1, 'Пенза'),
(723, 1, 'Первомайск'),
(724, 1, 'Первомайский'),
(725, 1, 'Первоуральск'),
(726, 1, 'Перевоз'),
(727, 1, 'Пересвет'),
(728, 1, 'Переславль-Залесский'),
(729, 1, 'Пермь'),
(730, 1, 'Пестово'),
(731, 1, 'Петергоф'),
(732, 1, 'Петров Вал'),
(733, 1, 'Петровск'),
(734, 1, 'Петровск-Забайкальский'),
(735, 1, 'Петродворец'),
(736, 1, 'Петрозаводск'),
(737, 1, 'Петропавловск-Камчатский'),
(738, 1, 'Петухово'),
(739, 1, 'Петушки'),
(740, 1, 'Печора'),
(741, 1, 'Печоры'),
(742, 1, 'Пикалёво'),
(743, 1, 'Пионерский'),
(744, 1, 'Питкяранта'),
(745, 1, 'Плавск'),
(746, 1, 'Пласт'),
(747, 1, 'Плёс'),
(748, 1, 'Поворино'),
(749, 1, 'Подольск'),
(750, 1, 'Подпорожье'),
(751, 1, 'Покачи'),
(752, 1, 'Покров'),
(753, 1, 'Покровск'),
(754, 1, 'Полевской'),
(755, 1, 'Полесск'),
(756, 1, 'Полысаево'),
(757, 1, 'Полярные Зори'),
(758, 1, 'Полярный'),
(759, 1, 'Поронайск'),
(760, 1, 'Порхов'),
(761, 1, 'Похвистнево'),
(762, 1, 'Почеп'),
(763, 1, 'Починок'),
(764, 1, 'Пошехонье'),
(765, 1, 'Правдинск'),
(766, 1, 'Приволжск'),
(767, 1, 'Приволжский'),
(768, 1, 'Приморск'),
(769, 1, 'Приморско-Ахтарск'),
(770, 1, 'Приозерск'),
(771, 1, 'Прокопьевск'),
(772, 1, 'Пролетарск'),
(773, 1, 'Протвино'),
(774, 1, 'Прохладный'),
(775, 1, 'Псков'),
(776, 1, 'Пугачев'),
(777, 1, 'Пудож'),
(778, 1, 'Пустошка'),
(779, 1, 'Пучеж'),
(780, 1, 'Пушкин'),
(781, 1, 'Пушкино'),
(782, 1, 'Пущино'),
(783, 1, 'Пыталово'),
(784, 1, 'Пыть-Ях'),
(785, 1, 'Пятигорск'),
(786, 1, 'Радужный'),
(787, 1, 'Радужный'),
(788, 1, 'Райчихинск'),
(789, 1, 'Раменское'),
(790, 1, 'Рассказово'),
(791, 1, 'Ревда'),
(792, 1, 'Реж'),
(793, 1, 'Реутов'),
(794, 1, 'Ржев'),
(795, 1, 'Родники'),
(796, 1, 'Рославль'),
(797, 1, 'Россошь'),
(798, 1, 'Ростов'),
(799, 1, 'Ростов-на-Дону'),
(800, 1, 'Рошаль'),
(801, 1, 'Ртищево'),
(802, 1, 'Рубцовск'),
(803, 1, 'Рудня'),
(804, 1, 'Руза'),
(805, 1, 'Рузаевка'),
(806, 1, 'Рыбинск'),
(807, 1, 'Рыбное'),
(808, 1, 'Рыльск'),
(809, 1, 'Ряжск'),
(810, 1, 'Рязань'),
(811, 1, 'Салават'),
(812, 1, 'Салаир'),
(813, 1, 'Салехард'),
(814, 1, 'Сальск'),
(815, 1, 'Самара'),
(816, 1, 'Санкт-Петербург'),
(817, 1, 'Саранск'),
(818, 1, 'Сарапул'),
(819, 1, 'Саратов'),
(820, 1, 'Саров'),
(821, 1, 'Сасово'),
(822, 1, 'Сатка'),
(823, 1, 'Сафоново'),
(824, 1, 'Саяногорск'),
(825, 1, 'Саянск'),
(826, 1, 'Светлогорск'),
(827, 1, 'Светлоград'),
(828, 1, 'Светлый'),
(829, 1, 'Светогорск'),
(830, 1, 'Свирск'),
(831, 1, 'Свободный'),
(832, 1, 'Себеж'),
(833, 1, 'Северо-Задонск'),
(834, 1, 'Северо-Курильск'),
(835, 1, 'Северобайкальск'),
(836, 1, 'Северодвинск'),
(837, 1, 'Североморск'),
(838, 1, 'Североуральск'),
(839, 1, 'Северск'),
(840, 1, 'Севск'),
(841, 1, 'Сегежа'),
(842, 1, 'Сельцо'),
(843, 1, 'Семёнов'),
(844, 1, 'Семикаракорск'),
(845, 1, 'Семилуки'),
(846, 1, 'Сенгилей'),
(847, 1, 'Серафимович'),
(848, 1, 'Сергиев Посад'),
(849, 1, 'Сердобск'),
(850, 1, 'Серов'),
(851, 1, 'Серпухов'),
(852, 1, 'Сертолово'),
(853, 1, 'Сестрорецк'),
(854, 1, 'Сибай'),
(855, 1, 'Сим'),
(856, 1, 'Сковородино'),
(857, 1, 'Скопин'),
(858, 1, 'Славгород'),
(859, 1, 'Славск'),
(860, 1, 'Славянск-на-Кубани'),
(861, 1, 'Сланцы'),
(862, 1, 'Слободской'),
(863, 1, 'Слюдянка'),
(864, 1, 'Смоленск'),
(865, 1, 'Снежинск'),
(866, 1, 'Снежногорск'),
(867, 1, 'Собинка'),
(868, 1, 'Советск'),
(869, 1, 'Советская Гавань'),
(870, 1, 'Советский'),
(871, 1, 'Сокол'),
(872, 1, 'Сокольники'),
(873, 1, 'Солигалич'),
(874, 1, 'Соликамск'),
(875, 1, 'Солнечногорск'),
(876, 1, 'Соль-Илецк'),
(877, 1, 'Сольвычегодск'),
(878, 1, 'Сольцы'),
(879, 1, 'Сорочинск'),
(880, 1, 'Сорск'),
(881, 1, 'Сортавала'),
(882, 1, 'Сосенский'),
(883, 1, 'Сосновка'),
(884, 1, 'Сосновоборск'),
(885, 1, 'Сосновый Бор'),
(886, 1, 'Сосногорск'),
(887, 1, 'Сочи'),
(888, 1, 'Спас-Деменск'),
(889, 1, 'Спас-Клепики'),
(890, 1, 'Спасск'),
(891, 1, 'Спасск-Дальний'),
(892, 1, 'Спасск-Рязанский'),
(893, 1, 'Среднеколымск'),
(894, 1, 'Среднеуральск'),
(895, 1, 'Сретенск'),
(896, 1, 'Ставрополь'),
(897, 1, 'Старая Русса'),
(898, 1, 'Старица'),
(899, 1, 'Стародуб'),
(900, 1, 'Старый Оскол'),
(901, 1, 'Стерлитамак'),
(902, 1, 'Стрежевой'),
(903, 1, 'Строитель'),
(904, 1, 'Струнино'),
(905, 1, 'Ступино'),
(906, 1, 'Суворов'),
(907, 1, 'Суджа'),
(908, 1, 'Судогда'),
(909, 1, 'Суздаль'),
(910, 1, 'Суоярви'),
(911, 1, 'Сураж'),
(912, 1, 'Сургут'),
(913, 1, 'Суровикино'),
(914, 1, 'Сурск'),
(915, 1, 'Сусуман'),
(916, 1, 'Сухиничи'),
(917, 1, 'Сухой Лог'),
(918, 1, 'Сходня'),
(919, 1, 'Сызрань'),
(920, 1, 'Сыктывкар'),
(921, 1, 'Сысерть'),
(922, 1, 'Сычёвка'),
(923, 1, 'Сясьстрой'),
(924, 1, 'Тавда'),
(925, 1, 'Таганрог'),
(926, 1, 'Тайга'),
(927, 1, 'Тайшет'),
(928, 1, 'Талдом'),
(929, 1, 'Талица'),
(930, 1, 'Талнах'),
(931, 1, 'Тамбов'),
(932, 1, 'Тара'),
(933, 1, 'Тарко-Сале'),
(934, 1, 'Таруса'),
(935, 1, 'Татарск'),
(936, 1, 'Таштагол'),
(937, 1, 'Тверь'),
(938, 1, 'Теберда'),
(939, 1, 'Тейково'),
(940, 1, 'Темников'),
(941, 1, 'Темрюк'),
(942, 1, 'Терек'),
(943, 1, 'Тетюши'),
(944, 1, 'Тикси'),
(945, 1, 'Тимашевск'),
(946, 1, 'Тихвин'),
(947, 1, 'Тихорецк'),
(948, 1, 'Тобольск'),
(949, 1, 'Тогучин'),
(950, 1, 'Тольятти'),
(951, 1, 'Томари'),
(952, 1, 'Томмот'),
(953, 1, 'Томск'),
(954, 1, 'Топки'),
(955, 1, 'Торжок'),
(956, 1, 'Торопец'),
(957, 1, 'Тосно'),
(958, 1, 'Тотьма'),
(959, 1, 'Трехгорный'),
(960, 1, 'Троицк'),
(961, 1, 'Троицк'),
(962, 1, 'Трубчевск'),
(963, 1, 'Туапсе'),
(964, 1, 'Туймазы'),
(965, 1, 'Тула'),
(966, 1, 'Тулун'),
(967, 1, 'Тура'),
(968, 1, 'Туран'),
(969, 1, 'Туринск'),
(970, 1, 'Тутаев'),
(971, 1, 'Тында'),
(972, 1, 'Тырныауз'),
(973, 1, 'Тюкалинск'),
(974, 1, 'Тюмень'),
(975, 1, 'Уварово'),
(976, 1, 'Углегорск'),
(977, 1, 'Углич'),
(978, 1, 'Удачный'),
(979, 1, 'Удомля'),
(980, 1, 'Ужур'),
(981, 1, 'Узловая'),
(982, 1, 'Улан-Удэ'),
(983, 1, 'Ульяновск'),
(984, 1, 'Унеча'),
(985, 1, 'Урай'),
(986, 1, 'Урень'),
(987, 1, 'Уржум'),
(988, 1, 'Урус-Мартан'),
(989, 1, 'Урюпинск'),
(990, 1, 'Усинск'),
(991, 1, 'Усмань'),
(992, 1, 'Усолье'),
(993, 1, 'Усолье-Сибирское'),
(994, 1, 'Уссурийск'),
(995, 1, 'Усть-Абакан'),
(996, 1, 'Усть-Джегута'),
(997, 1, 'Усть-Илимск'),
(998, 1, 'Усть-Катав'),
(999, 1, 'Усть-Кут'),
(1000, 1, 'Усть-Лабинск'),
(1001, 1, 'Усть-Омчуг'),
(1002, 1, 'Устюжна'),
(1003, 1, 'Уфа'),
(1004, 1, 'Ухта'),
(1005, 1, 'Учалы'),
(1006, 1, 'Уяр'),
(1007, 1, 'Фатеж'),
(1008, 1, 'Фокино'),
(1009, 1, 'Фокино'),
(1010, 1, 'Фролово'),
(1011, 1, 'Фрязино'),
(1012, 1, 'Фурманов'),
(1013, 1, 'Хабаровск'),
(1014, 1, 'Хадыженск'),
(1015, 1, 'Ханты-Мансийск'),
(1016, 1, 'Харабали'),
(1017, 1, 'Хасавюрт'),
(1018, 1, 'Хвалынск'),
(1019, 1, 'Хилок'),
(1020, 1, 'Химки'),
(1021, 1, 'Холм'),
(1022, 1, 'Холмск'),
(1023, 1, 'Хотьково'),
(1024, 1, 'Цивильск'),
(1025, 1, 'Цимлянск'),
(1026, 1, 'Чадан'),
(1027, 1, 'Чайковский'),
(1028, 1, 'Чапаевск'),
(1029, 1, 'Чаплыгин'),
(1030, 1, 'Чебаркуль'),
(1031, 1, 'Чебоксары'),
(1032, 1, 'Чегем'),
(1033, 1, 'Чекалин'),
(1034, 1, 'Челябинск'),
(1035, 1, 'Чердынь'),
(1036, 1, 'Черёмушки'),
(1037, 1, 'Хак. Р.'),
(1038, 1, 'Черемхово'),
(1039, 1, 'Черепаново'),
(1040, 1, 'Череповец'),
(1041, 1, 'Черкесск'),
(1042, 1, 'Чермоз'),
(1043, 1, 'Черноголовка'),
(1044, 1, 'Черногорск'),
(1045, 1, 'Чернушка'),
(1046, 1, 'Черняховск'),
(1047, 1, 'Чехов'),
(1048, 1, 'Чистополь'),
(1049, 1, 'Чита'),
(1050, 1, 'Чкаловск'),
(1051, 1, 'Чудово'),
(1052, 1, 'Чулым'),
(1053, 1, 'Чульман'),
(1054, 1, 'Чусовой'),
(1055, 1, 'Чухлома'),
(1056, 1, 'Шагонар'),
(1057, 1, 'Шадринск'),
(1058, 1, 'Шали'),
(1059, 1, 'Шарыпово'),
(1060, 1, 'Шарья'),
(1061, 1, 'Шатура'),
(1062, 1, 'Шахтёрск'),
(1063, 1, 'Шахты'),
(1064, 1, 'Шахунья'),
(1065, 1, 'Шацк'),
(1066, 1, 'Шебекино'),
(1067, 1, 'Шелехов'),
(1068, 1, 'Шенкурск'),
(1069, 1, 'Шилка'),
(1070, 1, 'Шимановск'),
(1071, 1, 'Шиханы'),
(1072, 1, 'Шлиссельбург'),
(1073, 1, 'Шумерля'),
(1074, 1, 'Шумиха'),
(1075, 1, 'Шуя'),
(1076, 1, 'Щекино'),
(1077, 1, 'Щёлково'),
(1078, 1, 'Щербинка'),
(1079, 1, 'Щигры'),
(1080, 1, 'Щучье'),
(1081, 1, 'Электрогорск'),
(1082, 1, 'Электросталь'),
(1083, 1, 'Электроугли'),
(1084, 1, 'Элиста'),
(1085, 1, 'Энгельс'),
(1086, 1, 'Эртиль'),
(1087, 1, 'Юбилейный'),
(1088, 1, 'Югорск'),
(1089, 1, 'Южа'),
(1090, 1, 'Южно-Сахалинск'),
(1091, 1, 'Южно-Сухокумск'),
(1092, 1, 'Южноуральск'),
(1093, 1, 'Юрга'),
(1094, 1, 'Юрьев-Польский'),
(1095, 1, 'Юрьевец'),
(1096, 1, 'Юрюзань'),
(1097, 1, 'Юхнов'),
(1098, 1, 'Ядрин'),
(1099, 1, 'Якутск'),
(1100, 1, 'Ялуторовск'),
(1101, 1, 'Янаул'),
(1102, 1, 'Яр-Сале'),
(1103, 1, 'Яранск'),
(1104, 1, 'Яровое'),
(1105, 1, 'Ярославль'),
(1106, 1, 'Ярцево'),
(1107, 1, 'Ясногорск'),
(1108, 1, 'Ясный'),
(1109, 1, 'Яхрома'),
(1110, 2, 'Авдеевка'),
(1111, 2, 'Александрия'),
(1112, 2, 'Александровск'),
(1113, 2, 'Алмазная'),
(1114, 2, 'Алупка'),
(1115, 2, 'Алушта'),
(1116, 2, 'Алчевск'),
(1117, 2, 'Амвросиевка'),
(1118, 2, 'Ананьев'),
(1119, 2, 'Андрушевка'),
(1120, 2, 'Антрацит'),
(1121, 2, 'Апостолово'),
(1122, 2, 'Артемово'),
(1123, 2, 'Артемовск'),
(1124, 2, 'Арциз'),
(1125, 2, 'Аскания-Нова'),
(1126, 2, 'Ахтырка'),
(1127, 2, 'Бакалея'),
(1128, 2, 'Балта'),
(1129, 2, 'Бар'),
(1130, 2, 'Барвенково'),
(1131, 2, 'Батурин'),
(1132, 2, 'Бахмач'),
(1133, 2, 'Бахчисарай'),
(1134, 2, 'Баштанка'),
(1135, 2, 'Белая Церковь'),
(1136, 2, 'Белгород-Днестр.'),
(1137, 2, 'Белз'),
(1138, 2, 'Белицкое'),
(1139, 2, 'Белогорск'),
(1140, 2, 'Белозерское'),
(1141, 2, 'Белокаменск'),
(1142, 2, 'Белополье'),
(1143, 2, 'Беляевка'),
(1144, 2, 'Бердичев'),
(1145, 2, 'Бердянск'),
(1146, 2, 'Берегово'),
(1147, 2, 'Бережаны'),
(1148, 2, 'Березань'),
(1149, 2, 'Березовка'),
(1150, 2, 'Берестечко'),
(1151, 2, 'Берислав'),
(1152, 2, 'Бершадь'),
(1153, 2, 'Бобринец'),
(1154, 2, 'Бобрка'),
(1155, 2, 'Бобровица'),
(1156, 2, 'Богодухов'),
(1157, 2, 'Богуслав'),
(1158, 2, 'Болград'),
(1159, 2, 'Болехов'),
(1160, 2, 'Борзна'),
(1161, 2, 'Борислав'),
(1162, 2, 'Борисполь'),
(1163, 2, 'Борщев'),
(1164, 2, 'Боярка'),
(1165, 2, 'Бровары'),
(1166, 2, 'Броды'),
(1167, 2, 'Брянка'),
(1168, 2, 'Бурынь'),
(1169, 2, 'Буск'),
(1170, 2, 'Бучач'),
(1171, 2, 'Валки'),
(1172, 2, 'Васильевка'),
(1173, 2, 'Васильков'),
(1174, 2, 'Ватутино'),
(1175, 2, 'Вахрушево'),
(1176, 2, 'Вашковцы'),
(1177, 2, 'Великие'),
(1178, 2, 'Верхнеднепровск'),
(1179, 2, 'Верховцево'),
(1180, 2, 'Вижница'),
(1181, 2, 'Вилково'),
(1182, 2, 'Винники'),
(1183, 2, 'Винница'),
(1184, 2, 'Виноградов'),
(1185, 2, 'Вешневое'),
(1186, 2, 'Владимир-Волын'),
(1187, 2, 'Вознесенск'),
(1188, 2, 'Волноваха'),
(1189, 2, 'Волочинск'),
(1190, 2, 'Волчанск'),
(1191, 2, 'Вольногорск'),
(1192, 2, 'Вольнянск'),
(1193, 2, 'Ворожба'),
(1194, 2, 'Вышгород'),
(1195, 2, 'Гадяч'),
(1196, 2, 'Гайворон'),
(1197, 2, 'Гайсин'),
(1198, 2, 'Галич'),
(1199, 2, 'Гаспра'),
(1200, 2, 'Геническ'),
(1201, 2, 'Герца'),
(1202, 2, 'Глобино'),
(1203, 2, 'Глухов'),
(1204, 2, 'Гнивань'),
(1205, 2, 'Голая Пристань'),
(1206, 2, 'Горловка'),
(1207, 2, 'Горняк'),
(1208, 2, 'Городенка'),
(1209, 2, 'Городище'),
(1210, 2, 'Городня'),
(1211, 2, 'Городок'),
(1212, 2, 'Горохов'),
(1213, 2, 'Горское'),
(1214, 2, 'Гребенка'),
(1215, 2, 'Гуляйполе'),
(1216, 2, 'Гурзуф'),
(1217, 2, 'Дашава'),
(1218, 2, 'Дебальцево'),
(1219, 2, 'Дергачи'),
(1220, 2, 'Джанкой'),
(1221, 2, 'Дзержинск'),
(1222, 2, 'Димитров'),
(1223, 2, 'Днепродзержинск'),
(1224, 2, 'Днепропетровск'),
(1225, 2, 'Днепрорудное'),
(1226, 2, 'Добромиль'),
(1227, 2, 'Доброполье'),
(1228, 2, 'Докучаевск'),
(1229, 2, 'Долина'),
(1230, 2, 'Долинская'),
(1231, 2, 'Донецк'),
(1232, 2, 'Дрогобыч'),
(1233, 2, 'Дружба'),
(1234, 2, 'Дружковка'),
(1235, 2, 'Дубляны'),
(1236, 2, 'Дубно'),
(1237, 2, 'Дубровица'),
(1238, 2, 'Евпатория'),
(1239, 2, 'Енакиево'),
(1240, 2, 'Жашков'),
(1241, 2, 'Желтые Воды'),
(1242, 2, 'Житомир'),
(1243, 2, 'Ждановка'),
(1244, 2, 'Жидачов'),
(1245, 2, 'Жмеринка'),
(1246, 2, 'Залейщики'),
(1247, 2, 'Запорожье'),
(1248, 2, 'Заставна'),
(1249, 2, 'Збараж'),
(1250, 2, 'Зборов'),
(1251, 2, 'Звенигородка'),
(1252, 2, 'Здолбунов'),
(1253, 2, 'Зеньков'),
(1254, 2, 'Зимогорье'),
(1255, 2, 'Змиев'),
(1256, 2, 'Знаменка'),
(1257, 2, 'Золотое'),
(1258, 2, 'Золотоноша'),
(1259, 2, 'Золочев'),
(1260, 2, 'Зоринск'),
(1261, 2, 'Зугрэс'),
(1262, 2, 'Ивано-Франковск'),
(1263, 2, 'Измаил'),
(1264, 2, 'Изюм'),
(1265, 2, 'Изяслав'),
(1266, 2, 'Иловайск'),
(1267, 2, 'Ильинцы'),
(1268, 2, 'Ильичевск'),
(1269, 2, 'Ингулец'),
(1270, 2, 'Ирпень'),
(1271, 2, 'Иршава'),
(1272, 2, 'Ичня'),
(1273, 2, 'Кагарлык'),
(1274, 2, 'Казатин'),
(1275, 2, 'Калиновка'),
(1276, 2, 'Калуш'),
(1277, 2, 'Каменец-Подоль.'),
(1278, 2, 'Каменка'),
(1279, 2, 'Каменка-Бугская'),
(1280, 2, 'Каменка-Днепр'),
(1281, 2, 'Камень-Кашир'),
(1282, 2, 'Канев'),
(1283, 2, 'Карловка'),
(1284, 2, 'Карло-Либкн'),
(1285, 2, 'Каховка'),
(1286, 2, 'Керчь'),
(1287, 2, 'Киверцы'),
(1288, 2, 'Киев'),
(1289, 2, 'Килия'),
(1290, 2, 'Кировград'),
(1291, 2, 'Кировск'),
(1292, 2, 'Кировское'),
(1293, 2, 'Кицмань'),
(1294, 2, 'Кобеляки'),
(1295, 2, 'Ковель'),
(1296, 2, 'Кодыма'),
(1297, 2, 'Коломыя'),
(1298, 2, 'Комарно'),
(1299, 2, 'Комсомольск'),
(1300, 2, 'Комсомольское'),
(1301, 2, 'Конотоп'),
(1302, 2, 'Константиновка'),
(1303, 2, 'Копынчицы'),
(1304, 2, 'Кореиз'),
(1305, 2, 'Корец'),
(1306, 2, 'Коростень'),
(1307, 2, 'Коростышев'),
(1308, 2, 'Корсунь-Шевчен'),
(1309, 2, 'Корюковка'),
(1310, 2, 'Косов'),
(1311, 2, 'Костополь'),
(1312, 2, 'Котовск'),
(1313, 2, 'Краматорск'),
(1314, 2, 'Красилов'),
(1315, 2, 'Красноармейск'),
(1316, 2, 'Красногоровка'),
(1317, 2, 'Красноград'),
(1318, 2, 'Краснодон'),
(1319, 2, 'Красноперекопск'),
(1320, 2, 'Красный Лиман'),
(1321, 2, 'Красный Луч'),
(1322, 2, 'Кременец'),
(1323, 2, 'Кременная'),
(1324, 2, 'Кременчуг'),
(1325, 2, 'Кривой Рог'),
(1326, 2, 'Кролевец'),
(1327, 2, 'Кузнецовск'),
(1328, 2, 'Купянск'),
(1329, 2, 'Курахово'),
(1330, 2, 'Ладыжин'),
(1331, 2, 'Лебедин'),
(1332, 2, 'Лисичанск'),
(1333, 2, 'Лозовая'),
(1334, 2, 'Лохвица'),
(1335, 2, 'Лубны'),
(1336, 2, 'Луганск'),
(1337, 2, 'Лутугино'),
(1338, 2, 'Луцк'),
(1339, 2, 'Львов'),
(1340, 2, 'Любомль'),
(1341, 2, 'Люботин'),
(1342, 2, 'Макеевка'),
(1343, 2, 'Малая Виска'),
(1344, 2, 'Малин'),
(1345, 2, 'Марганец'),
(1346, 2, 'Мариуполь'),
(1347, 2, 'Марьинка'),
(1348, 2, 'Массандра'),
(1349, 2, 'Мелитопль'),
(1350, 2, 'Мена'),
(1351, 2, 'Мерефа'),
(1352, 2, 'Миргород'),
(1353, 2, 'Мироновка'),
(1354, 2, 'Миусинск'),
(1355, 2, 'Могилёв-Подоль'),
(1356, 2, 'Молодогвардейск'),
(1357, 2, 'Молочанск'),
(1358, 2, 'Монастыриска'),
(1359, 2, 'Монастырище'),
(1360, 2, 'Моспино'),
(1361, 2, 'Мостиска'),
(1362, 2, 'Мукачево'),
(1363, 2, 'Надворная'),
(1364, 2, 'Нежин'),
(1365, 2, 'Немиров'),
(1366, 2, 'Нестеров'),
(1367, 2, 'Нетешин'),
(1368, 2, 'Николаев'),
(1369, 2, 'Никополь'),
(1370, 2, 'Новая Каховка'),
(1371, 2, 'Новая Одесса'),
(1372, 2, 'Новгород-Север'),
(1373, 2, 'Новоазовск'),
(1374, 2, 'Нововолынск'),
(1375, 2, 'Новоград-Волын'),
(1376, 2, 'Новогродовка'),
(1377, 2, 'Новодружевск'),
(1378, 2, 'Новомиргород'),
(1379, 2, 'Новомосковск'),
(1380, 2, 'Новоселица'),
(1381, 2, 'Новоукраинка'),
(1382, 2, 'Новояворское'),
(1383, 2, 'Новый Буг'),
(1384, 2, 'Новый Роздол'),
(1385, 2, 'Носовка'),
(1386, 2, 'Обухов'),
(1387, 2, 'Одесса'),
(1388, 2, 'Орехов'),
(1389, 2, 'Острог'),
(1390, 2, 'Овруч'),
(1391, 2, 'Орджоникидзе'),
(1392, 2, 'Остер'),
(1393, 2, 'Очаков'),
(1394, 2, 'Первомайск'),
(1395, 2, 'Перевальск'),
(1396, 2, 'Перемышляны'),
(1397, 2, 'Переяслав-Хм'),
(1398, 2, 'Першотравенск'),
(1399, 2, 'Петровское'),
(1400, 2, 'Пивденное'),
(1401, 2, 'Пирятин'),
(1402, 2, 'Погребище'),
(1403, 2, 'Пожгайцы'),
(1404, 2, 'Подгородное'),
(1405, 2, 'Пологи'),
(1406, 2, 'Полтава'),
(1407, 2, 'Помошная'),
(1408, 2, 'Попасная'),
(1409, 2, 'Почаев'),
(1410, 2, 'Приволье'),
(1411, 2, 'Прилуки'),
(1412, 2, 'Приморск'),
(1413, 2, 'Припять'),
(1414, 2, 'Пустомыты'),
(1415, 2, 'Пятихатки'),
(1416, 2, 'Рава-Русская'),
(1417, 2, 'Радехов'),
(1418, 2, 'Радомышль'),
(1419, 2, 'Раздельная'),
(1420, 2, 'Рахов'),
(1421, 2, 'Рени'),
(1422, 2, 'Ровеньки'),
(1423, 2, 'Ровно'),
(1424, 2, 'Рогатин'),
(1425, 2, 'Родинское'),
(1426, 2, 'Ромны'),
(1427, 2, 'Рубежное'),
(1428, 2, 'Рудки'),
(1429, 2, 'Саки'),
(1430, 2, 'Самбор'),
(1431, 2, 'Сарны'),
(1432, 2, 'Свалява'),
(1433, 2, 'Сватово'),
(1434, 2, 'Свердловск'),
(1435, 2, 'Светловодск'),
(1436, 2, 'Севастополь'),
(1437, 2, 'Середина-Буда'),
(1438, 2, 'Симеиз'),
(1439, 2, 'Симферополь'),
(1440, 2, 'Синельниково'),
(1441, 2, 'Скадовск'),
(1442, 2, 'Скалат'),
(1443, 2, 'Сквира'),
(1444, 2, 'Сколе'),
(1445, 2, 'Славута'),
(1446, 2, 'Славутич'),
(1447, 2, 'Славяногорск'),
(1448, 2, 'Славянск'),
(1449, 2, 'Смела'),
(1450, 2, 'Снежное'),
(1451, 2, 'Снигиревка'),
(1452, 2, 'Снятын'),
(1453, 2, 'Сокаль'),
(1454, 2, 'Сокиряны'),
(1455, 2, 'Сосница'),
(1456, 2, 'Сосновка'),
(1457, 2, 'Старобельск'),
(1458, 2, 'Староконстантинов'),
(1459, 2, 'Старый Крым'),
(1460, 2, 'Старый Самбор'),
(1461, 2, 'Стаханов'),
(1462, 2, 'Стебник'),
(1463, 2, 'Сторожинец'),
(1464, 2, 'Стрый'),
(1465, 2, 'Судак'),
(1466, 2, 'Сумы'),
(1467, 2, 'Таврийск'),
(1468, 2, 'Тальное'),
(1469, 2, 'Тараща'),
(1470, 2, 'Татарбунары'),
(1471, 2, 'Теплогорск'),
(1472, 2, 'Теребовля'),
(1473, 2, 'Терновка'),
(1474, 2, 'Тернополь'),
(1475, 2, 'Тетиев'),
(1476, 2, 'Тлумач'),
(1477, 2, 'Токмак'),
(1478, 2, 'Торез'),
(1479, 2, 'Тростянец'),
(1480, 2, 'Трускавец'),
(1481, 2, 'Тульчин'),
(1482, 2, 'Турка'),
(1483, 2, 'Тысменица'),
(1484, 2, 'Тячев'),
(1485, 2, 'Углегорск'),
(1486, 2, 'Угледар'),
(1487, 2, 'Угнев'),
(1488, 2, 'Ужгород'),
(1489, 2, 'Узин'),
(1490, 2, 'Украинка'),
(1491, 2, 'Украинск'),
(1492, 2, 'Ульяновка'),
(1493, 2, 'Умань'),
(1494, 2, 'Устилуг'),
(1495, 2, 'Фастов'),
(1496, 2, 'Феодосия'),
(1497, 2, 'Харцызск'),
(1498, 2, 'Харьков'),
(1499, 2, 'Херсон'),
(1500, 2, 'Хмельник'),
(1501, 2, 'Хмельницкий'),
(1502, 2, 'Ходоров'),
(1503, 2, 'Хорол'),
(1504, 2, 'Хоростков'),
(1505, 2, 'Хотин'),
(1506, 2, 'Христиновка'),
(1507, 2, 'Хуст'),
(1508, 2, 'Хыров'),
(1509, 2, 'Цюрюпинск'),
(1510, 2, 'Часов Яр'),
(1511, 2, 'Червоноармейск'),
(1512, 2, 'Червоноград'),
(1513, 2, 'Червонозаводское'),
(1514, 2, 'Червонопартизанск'),
(1515, 2, 'Черкассы'),
(1516, 2, 'Чернигов'),
(1517, 2, 'Чернобыль'),
(1518, 2, 'Черновцы'),
(1519, 2, 'Чигирин'),
(1520, 2, 'Чоп'),
(1521, 2, 'Чортков'),
(1522, 2, 'Чугуев'),
(1523, 2, 'Шаргород'),
(1524, 2, 'Шахтерск'),
(1525, 2, 'Шепетовка'),
(1526, 2, 'Шкло'),
(1527, 2, 'Шостка'),
(1528, 2, 'Шпола'),
(1529, 2, 'Щорс'),
(1530, 2, 'Энергодар'),
(1531, 2, 'Южно-Украинск'),
(1532, 2, 'Юнокоммунаровск'),
(1533, 2, 'Яворов'),
(1534, 2, 'Яготин'),
(1535, 2, 'Ялта'),
(1536, 2, 'Ямполь'),
(1537, 2, 'Яремча'),
(1538, 2, 'Ясиноватая'),
(1539, 3, 'Алма-Ата'),
(1540, 3, 'Астана'),
(1541, 3, 'Актау'),
(1542, 3, 'Ust-Kamanogorsk'),
(1543, 3, 'Караганда'),
(1544, 3, 'Актобе'),
(1545, 3, 'Атирау'),
(1546, 3, 'Fort Shevchenko'),
(1547, 4, 'Брест'),
(1548, 4, 'Витебск'),
(1549, 4, 'Гомель'),
(1550, 4, 'Гродно'),
(1551, 4, 'Минск'),
(1552, 4, 'Могилёв'),
(1553, 5, 'Рига'),
(1554, 5, 'Юрмала'),
(1555, 5, 'Сезис'),
(1556, 5, 'Liepaja'),
(1557, 5, 'Сигулда'),
(1558, 5, 'Резекне'),
(1559, 5, 'Даугавпилс'),
(1560, 6, 'Бендеры'),
(1561, 6, 'Кишинёв'),
(1562, 6, 'Тирасполь'),
(1563, 7, 'Таллин'),
(1564, 7, 'Тарту'),
(1565, 7, 'Пярну'),
(1566, 7, 'Хаапсалу'),
(1567, 7, 'Муху'),
(1568, 7, 'Вильянди'),
(1569, 7, 'Narva-joesuu'),
(1570, 8, 'Баку'),
(1571, 9, 'Вильнюс'),
(1572, 9, 'Каунас'),
(1573, 9, 'Siauliai'),
(1574, 9, 'Паланга'),
(1575, 9, 'Друскининкай'),
(1576, 9, 'Клайпеда'),
(1577, 9, 'Marijampole'),
(1578, 9, 'Silute'),
(1579, 10, 'Нью-Йорк'),
(1580, 10, 'Лас-Вегас'),
(1581, 10, 'Chicago'),
(1582, 10, 'Лос-Анджелес'),
(1583, 10, 'Washington'),
(1584, 10, 'Сан-Франциско'),
(1585, 10, 'Бруклин'),
(1586, 10, 'Майами'),
(1587, 10, 'Майами-Бич'),
(1588, 8, 'Габала');

-- --------------------------------------------------------

--
-- Структура таблицы `vii_communities`
--

CREATE TABLE IF NOT EXISTS `vii_communities` (
  `id` int(11) unsigned NOT NULL AUTO_INCREMENT,
  `admin` text NOT NULL,
  `title` varchar(60) NOT NULL,
  `descr` text NOT NULL,
  `cat` smallint(6) unsigned NOT NULL,
  `type` tinyint(3) unsigned NOT NULL,
  `traf` int(11) unsigned NOT NULL,
  `ulist` text NOT NULL,
  `date` datetime NOT NULL,
  `photo` varchar(25) NOT NULL,
  `feedback` smallint(6) unsigned NOT NULL,
  `comments` tinyint(1) unsigned NOT NULL,
  `real_admin` int(11) unsigned NOT NULL,
  `rec_num` int(11) unsigned NOT NULL,
  `photos_num` int(11) unsigned NOT NULL,
  `del` tinyint(2) NOT NULL,
  `ban` tinyint(2) NOT NULL,
  `adres` varchar(40) NOT NULL,
  `audio_num` mediumint(8) NOT NULL,
  `forum_num` mediumint(8) NOT NULL,
  `discussion` tinyint(1) NOT NULL,
  `status_text` varchar(255) NOT NULL,
  `web` varchar(255) NOT NULL,
  `videos_num` int(11) NOT NULL,
  `cover` varchar(25) NOT NULL,
  `cover_pos` varchar(4) NOT NULL,
  `data_del` int(11) NOT NULL,
  `lastnews` text NOT NULL,
  `albums_num` int(11) NOT NULL,
  `new_mark_photos` int(11) NOT NULL,
  `pages_num` int(11) NOT NULL,
  `pages` int(11) NOT NULL,
  `onv` int(11) NOT NULL,
  PRIMARY KEY (`id`),
  KEY `del` (`del`),
  KEY `ban` (`ban`),
  KEY `traf` (`traf`),
  KEY `photo` (`photo`),
  FULLTEXT KEY `title` (`title`)
) ENGINE=MyISAM DEFAULT CHARSET=utf8 AUTO_INCREMENT=1 ;

-- --------------------------------------------------------

--
-- Структура таблицы `vii_communities_admins`
--

CREATE TABLE IF NOT EXISTS `vii_communities_admins` (
  `id` int(11) NOT NULL AUTO_INCREMENT,
  `user_id` int(11) NOT NULL,
  `pid` int(11) NOT NULL,
  `level` int(1) NOT NULL DEFAULT '0',
  PRIMARY KEY (`id`)
) ENGINE=MyISAM DEFAULT CHARSET=utf8 AUTO_INCREMENT=1 ;

-- --------------------------------------------------------

--
-- Структура таблицы `vii_communities_albums`
--

CREATE TABLE IF NOT EXISTS `vii_communities_albums` (
  `aid` int(11) NOT NULL AUTO_INCREMENT,
  `pid` int(11) NOT NULL,
  `photo_num` mediumint(9) NOT NULL,
  `comm_num` mediumint(9) NOT NULL,
  `cover` text NOT NULL,
  `descr` text NOT NULL,
  `ahash` text NOT NULL,
  `position` int(10) NOT NULL,
  `adate` varchar(50) NOT NULL,
  `name` varchar(100) NOT NULL,
  `url` text NOT NULL,
  `privated` int(1) NOT NULL DEFAULT '0',
  `system` int(1) NOT NULL DEFAULT '0',
  PRIMARY KEY (`aid`)
) ENGINE=MyISAM DEFAULT CHARSET=utf8 AUTO_INCREMENT=1 ;

-- --------------------------------------------------------

--
-- Структура таблицы `vii_communities_audio`
--

CREATE TABLE IF NOT EXISTS `vii_communities_audio` (
  `aid` int(11) unsigned NOT NULL AUTO_INCREMENT,
  `public_id` int(11) unsigned NOT NULL,
  `url` text NOT NULL,
  `artist` varchar(50) NOT NULL,
  `name` varchar(50) NOT NULL,
  `adate` varchar(10) NOT NULL,
  PRIMARY KEY (`aid`),
  KEY `auser_id` (`public_id`),
  KEY `adate` (`adate`)
) ENGINE=MyISAM DEFAULT CHARSET=utf8 AUTO_INCREMENT=1 ;

-- --------------------------------------------------------

--
-- Структура таблицы `vii_communities_blacklist`
--

CREATE TABLE IF NOT EXISTS `vii_communities_blacklist` (
  `id` int(11) NOT NULL AUTO_INCREMENT,
  `user_id` int(11) NOT NULL,
  `admin` int(11) NOT NULL,
  `pid` int(11) NOT NULL,
  `date` varchar(10) NOT NULL,
  PRIMARY KEY (`id`)
) ENGINE=MyISAM DEFAULT CHARSET=utf8 AUTO_INCREMENT=1 ;

-- --------------------------------------------------------

--
-- Структура таблицы `vii_communities_feedback`
--

CREATE TABLE IF NOT EXISTS `vii_communities_feedback` (
  `cid` int(11) NOT NULL,
  `fuser_id` int(11) NOT NULL,
  `office` varchar(30) NOT NULL,
  `fphone` varchar(15) NOT NULL,
  `femail` varchar(40) NOT NULL,
  `fdate` varchar(10) NOT NULL,
  KEY `cid` (`cid`),
  KEY `fuser_id` (`fuser_id`),
  KEY `fdate` (`fdate`)
) ENGINE=MyISAM DEFAULT CHARSET=utf8;

-- --------------------------------------------------------

--
-- Структура таблицы `vii_communities_forum`
--

CREATE TABLE IF NOT EXISTS `vii_communities_forum` (
  `fid` int(11) unsigned NOT NULL AUTO_INCREMENT,
  `public_id` int(11) unsigned NOT NULL,
  `fuser_id` int(11) unsigned NOT NULL,
  `title` varchar(65) NOT NULL,
  `text` text NOT NULL,
  `attach` text NOT NULL,
  `fdate` varchar(10) NOT NULL,
  `msg_num` mediumint(8) unsigned NOT NULL,
  `lastdate` varchar(10) NOT NULL,
  `lastuser_id` int(11) unsigned NOT NULL,
  `fixed` tinyint(2) unsigned NOT NULL,
  `status` tinyint(2) unsigned NOT NULL,
  `vote` mediumint(8) unsigned NOT NULL,
  PRIMARY KEY (`fid`),
  KEY `public_id` (`public_id`),
  KEY `fdate` (`fdate`),
  KEY `lastdate` (`lastdate`),
  KEY `fixed` (`fixed`)
) ENGINE=MyISAM DEFAULT CHARSET=utf8 AUTO_INCREMENT=1 ;

-- --------------------------------------------------------

--
-- Структура таблицы `vii_communities_forum_msg`
--

CREATE TABLE IF NOT EXISTS `vii_communities_forum_msg` (
  `mid` int(11) unsigned NOT NULL AUTO_INCREMENT,
  `fid` int(11) unsigned NOT NULL,
  `muser_id` int(11) unsigned NOT NULL,
  `msg` text NOT NULL,
  `attach` text NOT NULL,
  `mdate` varchar(10) NOT NULL,
  PRIMARY KEY (`mid`),
  KEY `fid` (`fid`),
  KEY `muser_id` (`muser_id`),
  KEY `mdate` (`mdate`)
) ENGINE=MyISAM DEFAULT CHARSET=utf8 AUTO_INCREMENT=1 ;

-- --------------------------------------------------------

--
-- Структура таблицы `vii_communities_join`
--

CREATE TABLE IF NOT EXISTS `vii_communities_join` (
  `id` int(11) NOT NULL AUTO_INCREMENT,
  `user_id` int(11) NOT NULL,
  `for_user_id` int(11) NOT NULL,
  `public_id` int(11) NOT NULL,
  `date` varchar(10) NOT NULL,
  PRIMARY KEY (`id`),
  KEY `for_sel` (`for_user_id`,`public_id`),
  KEY `for_sel_1` (`user_id`,`public_id`,`date`),
  KEY `for_sel_2` (`for_user_id`,`public_id`,`user_id`)
) ENGINE=MyISAM  DEFAULT CHARSET=utf8 AUTO_INCREMENT=3 ;

-- --------------------------------------------------------

--
-- Структура таблицы `vii_communities_pages`
--

CREATE TABLE IF NOT EXISTS `vii_communities_pages` (
  `fid` int(11) unsigned NOT NULL AUTO_INCREMENT,
  `public_id` int(11) unsigned NOT NULL,
  `fuser_id` int(11) unsigned NOT NULL,
  `title` varchar(65) NOT NULL,
  `text` text NOT NULL,
  `attach` text NOT NULL,
  `fdate` varchar(10) NOT NULL,
  `msg_num` mediumint(8) unsigned NOT NULL,
  `lastdate` varchar(10) NOT NULL,
  `lastuser_id` int(11) unsigned NOT NULL,
  `fixed` tinyint(2) unsigned NOT NULL,
  `status` tinyint(2) unsigned NOT NULL,
  `vote` mediumint(8) unsigned NOT NULL,
  PRIMARY KEY (`fid`),
  KEY `public_id` (`public_id`),
  KEY `fdate` (`fdate`),
  KEY `lastdate` (`lastdate`),
  KEY `fixed` (`fixed`)
) ENGINE=MyISAM DEFAULT CHARSET=utf8 AUTO_INCREMENT=1 ;

-- --------------------------------------------------------

--
-- Структура таблицы `vii_communities_photos`
--

CREATE TABLE IF NOT EXISTS `vii_communities_photos` (
  `id` int(11) NOT NULL AUTO_INCREMENT,
  `album_id` int(25) NOT NULL,
  `pid` int(11) NOT NULL,
  `comm_num` mediumint(11) NOT NULL,
  `date` varchar(50) NOT NULL,
  `photo_name` text NOT NULL,
  `position` int(10) NOT NULL,
  `descr` text NOT NULL,
  `hash` int(11) NOT NULL,
  `userid` int(11) NOT NULL,
  PRIMARY KEY (`id`)
) ENGINE=MyISAM DEFAULT CHARSET=utf8 AUTO_INCREMENT=1 ;

-- --------------------------------------------------------

--
-- Структура таблицы `vii_communities_photos_comments`
--

CREATE TABLE IF NOT EXISTS `vii_communities_photos_comments` (
  `pid` int(11) NOT NULL,
  `text` varchar(255) NOT NULL,
  `album_id` int(11) NOT NULL,
  `user_id` int(11) NOT NULL,
  `date` varchar(45) NOT NULL,
  `hash` text NOT NULL,
  `owner_pid` int(11) NOT NULL,
  `photo_name` varchar(50) NOT NULL,
  `id` int(11) NOT NULL AUTO_INCREMENT,
  `likes_users` text NOT NULL,
  `likes_num` mediumint(11) NOT NULL,
  PRIMARY KEY (`id`)
) ENGINE=MyISAM  DEFAULT CHARSET=utf8 AUTO_INCREMENT=8 ;

-- --------------------------------------------------------

--
-- Структура таблицы `vii_communities_photos_comments_like`
--

CREATE TABLE IF NOT EXISTS `vii_communities_photos_comments_like` (
  `id` int(11) NOT NULL,
  `rec_id` int(11) NOT NULL,
  `user_id` int(11) NOT NULL,
  `date` varchar(30) NOT NULL
) ENGINE=MyISAM DEFAULT CHARSET=utf8;

-- --------------------------------------------------------

--
-- Структура таблицы `vii_communities_photos_mark`
--

CREATE TABLE IF NOT EXISTS `vii_communities_photos_mark` (
  `mphoto_id` int(11) NOT NULL,
  `mapprove` varchar(25) NOT NULL,
  `muser_id` int(11) NOT NULL,
  `mphoto_name` varchar(100) NOT NULL,
  `msettings_pos` varchar(100) NOT NULL,
  `mmark_user_id` int(11) NOT NULL,
  `mdate` varchar(50) NOT NULL
) ENGINE=MyISAM DEFAULT CHARSET=utf8;

-- --------------------------------------------------------

--
-- Структура таблицы `vii_communities_stats`
--

CREATE TABLE IF NOT EXISTS `vii_communities_stats` (
  `gid` int(11) NOT NULL,
  `date` int(10) NOT NULL,
  `cnt` int(11) NOT NULL,
  `hits` int(11) NOT NULL,
  `new_users` int(11) NOT NULL,
  `exit_users` int(11) NOT NULL,
  `date_x` int(10) NOT NULL,
  KEY `sel` (`gid`,`date`),
  KEY `date` (`date`),
  KEY `cnt` (`cnt`),
  KEY `hits` (`hits`),
  KEY `new_users` (`new_users`),
  KEY `exit_users` (`exit_users`),
  KEY `sel_1` (`gid`,`date_x`)
) ENGINE=MyISAM DEFAULT CHARSET=utf8;

-- --------------------------------------------------------

--
-- Структура таблицы `vii_communities_stats_log`
--

CREATE TABLE IF NOT EXISTS `vii_communities_stats_log` (
  `gid` int(11) NOT NULL,
  `user_id` int(11) NOT NULL,
  `act` tinyint(3) NOT NULL,
  `date` int(10) NOT NULL,
  KEY `gid` (`gid`,`user_id`,`date`,`act`)
) ENGINE=MyISAM DEFAULT CHARSET=utf8;

-- --------------------------------------------------------

--
-- Структура таблицы `vii_communities_wall`
--

CREATE TABLE IF NOT EXISTS `vii_communities_wall` (
  `id` int(11) unsigned NOT NULL AUTO_INCREMENT,
  `public_id` int(11) unsigned NOT NULL,
  `text` text NOT NULL,
  `add_date` varchar(15) NOT NULL,
  `fast_comm_id` int(11) unsigned NOT NULL,
  `fasts_num` mediumint(8) unsigned NOT NULL,
  `likes_num` mediumint(8) unsigned NOT NULL,
  `likes_users` text NOT NULL,
  `attach` text NOT NULL,
  `tell_uid` int(11) unsigned NOT NULL,
  `tell_date` varchar(10) NOT NULL,
  `public` tinyint(1) unsigned NOT NULL,
  `tell_comm` text NOT NULL,
  `fixed` tinyint(1) unsigned NOT NULL,
  PRIMARY KEY (`id`),
  KEY `fast_comm_id` (`fast_comm_id`),
  KEY `public_id` (`public_id`),
  KEY `add_date` (`add_date`),
  KEY `tell_date` (`tell_date`)
) ENGINE=MyISAM DEFAULT CHARSET=utf8 AUTO_INCREMENT=1 ;

-- --------------------------------------------------------

--
-- Структура таблицы `vii_communities_wall_like`
--

CREATE TABLE IF NOT EXISTS `vii_communities_wall_like` (
  `rec_id` int(11) unsigned NOT NULL,
  `user_id` int(11) unsigned NOT NULL,
  `date` varchar(10) NOT NULL,
  KEY `rec_id` (`rec_id`),
  KEY `user_id` (`user_id`),
  KEY `date` (`date`)
) ENGINE=MyISAM DEFAULT CHARSET=utf8;

-- --------------------------------------------------------

--
-- Структура таблицы `vii_country`
--

CREATE TABLE IF NOT EXISTS `vii_country` (
  `id` int(5) unsigned NOT NULL AUTO_INCREMENT,
  `name` varchar(255) NOT NULL,
  PRIMARY KEY (`id`)
) ENGINE=MyISAM  DEFAULT CHARSET=utf8 AUTO_INCREMENT=15 ;

--
-- Дамп данных таблицы `vii_country`
--

INSERT INTO `vii_country` (`id`, `name`) VALUES
(1, 'Россия'),
(2, 'Украина'),
(3, 'Казахстан'),
(4, 'Беларусь'),
(5, 'Латвия'),
(6, 'Молдова'),
(7, 'Эстония'),
(8, 'Азербайджан'),
(9, 'Литва'),
(10, 'США');

-- --------------------------------------------------------

--
-- Структура таблицы `vii_doc`
--

CREATE TABLE IF NOT EXISTS `vii_doc` (
  `did` int(11) unsigned NOT NULL AUTO_INCREMENT,
  `duser_id` int(11) unsigned NOT NULL,
  `dname` varchar(255) NOT NULL,
  `dsize` varchar(10) NOT NULL,
  `ddate` varchar(10) NOT NULL,
  `ddownload_name` varchar(30) NOT NULL,
  PRIMARY KEY (`did`),
  KEY `duser_id` (`duser_id`),
  KEY `ddate` (`ddate`)
) ENGINE=MyISAM  DEFAULT CHARSET=utf8 AUTO_INCREMENT=4 ;

-- --------------------------------------------------------

--
-- Структура таблицы `vii_fave`
--

CREATE TABLE IF NOT EXISTS `vii_fave` (
  `user_id` int(11) unsigned NOT NULL,
  `fave_id` int(11) unsigned NOT NULL,
  `date` datetime NOT NULL,
  KEY `for_fast_select1` (`user_id`,`fave_id`,`date`)
) ENGINE=MyISAM DEFAULT CHARSET=utf8;

-- --------------------------------------------------------

--
-- Структура таблицы `vii_friends`
--

CREATE TABLE IF NOT EXISTS `vii_friends` (
  `user_id` int(11) NOT NULL,
  `friend_id` int(11) unsigned NOT NULL,
  `friends_date` datetime NOT NULL,
  `subscriptions` tinyint(3) unsigned NOT NULL,
  `views` mediumint(8) unsigned NOT NULL,
  KEY `for_fast_select1` (`user_id`,`friend_id`,`friends_date`),
  KEY `subscriptions` (`subscriptions`),
  KEY `views` (`views`),
  KEY `friends_date` (`friends_date`)
) ENGINE=MyISAM DEFAULT CHARSET=utf8;

-- --------------------------------------------------------

--
-- Структура таблицы `vii_friends_demands`
--

CREATE TABLE IF NOT EXISTS `vii_friends_demands` (
  `for_user_id` int(11) unsigned NOT NULL,
  `from_user_id` int(11) unsigned NOT NULL,
  `demand_date` datetime NOT NULL,
  KEY `for_fast_select1` (`for_user_id`,`from_user_id`,`demand_date`)
) ENGINE=MyISAM DEFAULT CHARSET=utf8;

-- --------------------------------------------------------

--
-- Структура таблицы `vii_games`
--

CREATE TABLE IF NOT EXISTS `vii_games` (
  `id` int(11) NOT NULL AUTO_INCREMENT,
  `poster` varchar(25) NOT NULL,
  `title` varchar(200) NOT NULL,
  `descr` text NOT NULL,
  `flash` varchar(255) NOT NULL,
  `traf` int(11) NOT NULL,
  `date` varchar(10) NOT NULL,
  `width` smallint(6) NOT NULL,
  `height` smallint(6) NOT NULL,
  PRIMARY KEY (`id`),
  FULLTEXT KEY `title` (`title`)
) ENGINE=MyISAM  DEFAULT CHARSET=utf8 AUTO_INCREMENT=2 ;

-- --------------------------------------------------------

--
-- Структура таблицы `vii_games_activity`
--

CREATE TABLE IF NOT EXISTS `vii_games_activity` (
  `user_id` int(11) NOT NULL,
  `action` tinyint(2) NOT NULL,
  `date` varchar(10) NOT NULL,
  `game_id` int(11) NOT NULL,
  KEY `for_select` (`user_id`,`game_id`),
  KEY `game_id` (`game_id`)
) ENGINE=MyISAM DEFAULT CHARSET=utf8;

-- --------------------------------------------------------

--
-- Структура таблицы `vii_games_files`
--

CREATE TABLE IF NOT EXISTS `vii_games_files` (
  `game_id` int(11) NOT NULL,
  `user_id` int(11) NOT NULL,
  `file` varchar(25) NOT NULL,
  `hash` varchar(32) NOT NULL,
  `type` varchar(20) NOT NULL,
  KEY `hash` (`hash`,`type`),
  KEY `for_select_3` (`hash`,`user_id`),
  KEY `game_id` (`game_id`),
  KEY `for_select_4` (`game_id`,`type`),
  KEY `user_id` (`user_id`,`type`,`game_id`),
  KEY `for_select` (`hash`,`user_id`,`type`,`game_id`),
  KEY `file` (`file`)
) ENGINE=MyISAM DEFAULT CHARSET=utf8;

-- --------------------------------------------------------

--
-- Структура таблицы `vii_games_users`
--

CREATE TABLE IF NOT EXISTS `vii_games_users` (
  `user_id` int(11) NOT NULL,
  `game_id` int(11) NOT NULL,
  `setdate` varchar(10) NOT NULL,
  `lastdate` varchar(10) NOT NULL,
  KEY `for_select` (`user_id`,`game_id`),
  KEY `game_id` (`game_id`)
) ENGINE=MyISAM DEFAULT CHARSET=utf8;

-- --------------------------------------------------------

--
-- Структура таблицы `vii_gifts`
--

CREATE TABLE IF NOT EXISTS `vii_gifts` (
  `gid` int(11) unsigned NOT NULL AUTO_INCREMENT,
  `uid` int(11) unsigned NOT NULL,
  `from_uid` int(11) unsigned NOT NULL,
  `gift` varchar(10) NOT NULL,
  `msg` varchar(200) NOT NULL,
  `privacy` tinyint(3) unsigned NOT NULL,
  `gdate` varchar(10) NOT NULL,
  `status` tinyint(3) unsigned NOT NULL,
  PRIMARY KEY (`gid`),
  KEY `uid` (`uid`),
  KEY `from_uid` (`from_uid`),
  KEY `status` (`status`),
  KEY `gdate` (`gdate`)
) ENGINE=MyISAM DEFAULT CHARSET=utf8 AUTO_INCREMENT=1 ;

-- --------------------------------------------------------

--
-- Структура таблицы `vii_gifts_list`
--

CREATE TABLE IF NOT EXISTS `vii_gifts_list` (
  `gid` int(11) NOT NULL AUTO_INCREMENT,
  `img` varchar(50) NOT NULL,
  `price` mediumint(8) NOT NULL,
  PRIMARY KEY (`gid`),
  KEY `img` (`img`)
) ENGINE=MyISAM DEFAULT CHARSET=utf8 AUTO_INCREMENT=1 ;

-- --------------------------------------------------------

--
-- Структура таблицы `vii_guests`
--

CREATE TABLE IF NOT EXISTS `vii_guests` (
  `ouid` int(11) NOT NULL,
  `guid` int(11) NOT NULL,
  `gdate` varchar(10) NOT NULL,
  `new` tinyint(1) NOT NULL,
  KEY `ouid` (`ouid`),
  KEY `guid` (`guid`),
  KEY `new` (`new`)
) ENGINE=MyISAM DEFAULT CHARSET=utf8;

-- --------------------------------------------------------

--
-- Структура таблицы `vii_im`
--

CREATE TABLE IF NOT EXISTS `vii_im` (
  `iuser_id` int(11) unsigned NOT NULL,
  `im_user_id` int(11) unsigned NOT NULL,
  `idate` varchar(10) NOT NULL,
  `msg_num` mediumint(8) unsigned NOT NULL,
  `all_msg_num` int(11) unsigned NOT NULL,
  KEY `iuser_id` (`iuser_id`),
  KEY `im_user_id` (`im_user_id`),
  KEY `idate` (`idate`)
) ENGINE=MyISAM DEFAULT CHARSET=utf8;

-- --------------------------------------------------------

--
-- Структура таблицы `vii_invites`
--

CREATE TABLE IF NOT EXISTS `vii_invites` (
  `uid` int(11) NOT NULL,
  `ruid` int(11) NOT NULL,
  KEY `uid` (`uid`)
) ENGINE=MyISAM DEFAULT CHARSET=utf8;

-- --------------------------------------------------------

--
-- Структура таблицы `vii_log`
--

CREATE TABLE IF NOT EXISTS `vii_log` (
  `uid` int(11) NOT NULL,
  `browser` text NOT NULL,
  `ip` varchar(15) NOT NULL,
  KEY `uid` (`uid`)
) ENGINE=MyISAM DEFAULT CHARSET=utf8;

-- --------------------------------------------------------

--
-- Структура таблицы `vii_log_user`
--

CREATE TABLE IF NOT EXISTS `vii_log_user` (
  `id` int(11) NOT NULL AUTO_INCREMENT,
  `user_id` int(11) NOT NULL,
  `browser` varchar(255) NOT NULL,
  `ip` varchar(255) NOT NULL,
  `date` int(11) NOT NULL,
  PRIMARY KEY (`id`)
) ENGINE=MyISAM DEFAULT CHARSET=latin1 AUTO_INCREMENT=1 ;

-- --------------------------------------------------------

--
-- Структура таблицы `vii_mail_tpl`
--

CREATE TABLE IF NOT EXISTS `vii_mail_tpl` (
  `id` mediumint(8) NOT NULL AUTO_INCREMENT,
  `text` text NOT NULL,
  PRIMARY KEY (`id`)
) ENGINE=MyISAM  DEFAULT CHARSET=utf8 AUTO_INCREMENT=10 ;

--
-- Дамп данных таблицы `vii_mail_tpl`
--

INSERT INTO `vii_mail_tpl` (`id`, `text`) VALUES
(1, 'Доброго времени суток, {%user%}!\r\nПользователь {%user-friend%}, отправил Вам заявку на дружбу.\r\n\r\nПросмотреть заявку Вы можете по ссылке: http://mysocial.ua/friends/requests\r\n\r\nС уважением, Социальная сеть.\r\nАдминистрация http://mysocial.ua/'),
(2, 'Доброго времени суток, {%user%}!\r\nПользователь {%user-friend%}, ответил на Вашу запись {%rec-link%}\r\n\r\nС уважением, Социальная сеть.\r\nАдминистрация http://mysocial.ua/'),
(3, 'Доброго времени суток, {%user%}!\r\nПользователь {%user-friend%}, оставил комментарий к Вашей видеозаписи {%rec-link%}\r\n\r\nС уважением, Социальная сеть.\r\nАдминистрация http://mysocial.ua/'),
(4, 'Доброго времени суток, {%user%}!\r\nПользователь {%user-friend%}, оставил комментарий к Вашей фотографии {%rec-link%}\r\n\r\nС уважением, Социальная сеть.\r\nАдминистрация http://mysocial.ua/'),
(5, 'Доброго времени суток, {%user%}!\r\nПользователь {%user-friend%}, оставил комментарий к Вашей заметке {%rec-link%}\r\n\r\nС уважением, Социальная сеть.\r\nАдминистрация http://mysocial.ua/'),
(6, 'Доброго времени суток, {%user%}!\r\nПользователь {%user-friend%}, отправил Вам подарок.\r\n\r\nПросмотреть подарок Вы можете по ссылке: {%rec-link%}\r\n\r\nС уважением, Социальная сеть.\r\nАдминистрация http://mysocial.ua/'),
(7, 'Доброго времени суток, {%user%}!\r\nПользователь {%user-friend%}, оставил на Вашей стене новую запись.\r\n\r\nПросмотреть запись можете по ссылке: {%rec-link%}\r\n\r\nС уважением, Социальная сеть.\r\nАдминистрация http://mysocial.ua/'),
(8, 'Доброго времени суток, {%user%}!\r\nПользователь {%user-friend%}, отправил Вам новое личное сообщение.\r\n\r\nПросмотреть сообщение можете по ссылке: {%rec-link%}\r\n\r\nС уважением, Социальная сеть.\r\nАдминистрация http://mysocial.ua/');

-- --------------------------------------------------------

--
-- Структура таблицы `vii_messages`
--

CREATE TABLE IF NOT EXISTS `vii_messages` (
  `id` int(11) unsigned NOT NULL AUTO_INCREMENT,
  `theme` varchar(255) NOT NULL,
  `text` text NOT NULL,
  `for_user_id` int(11) unsigned NOT NULL,
  `from_user_id` int(11) unsigned NOT NULL,
  `history_user_id` int(11) unsigned NOT NULL,
  `date` varchar(15) NOT NULL,
  `pm_read` char(3) NOT NULL,
  `folder` varchar(10) NOT NULL,
  `attach` text NOT NULL,
  `tell_uid` int(11) unsigned NOT NULL,
  `tell_date` varchar(10) NOT NULL,
  `public` tinyint(2) unsigned NOT NULL,
  `tell_comm` text NOT NULL,
  PRIMARY KEY (`id`),
  KEY `for_fast_select1` (`for_user_id`,`from_user_id`,`folder`,`history_user_id`),
  KEY `date` (`date`),
  KEY `for_user_id` (`for_user_id`),
  KEY `from_user_id` (`from_user_id`),
  KEY `history_user_id` (`history_user_id`),
  KEY `folder` (`folder`)
) ENGINE=MyISAM DEFAULT CHARSET=utf8 AUTO_INCREMENT=1 ;

-- --------------------------------------------------------

--
-- Структура таблицы `vii_miss`
--

CREATE TABLE IF NOT EXISTS `vii_miss` (
  `id` int(11) NOT NULL AUTO_INCREMENT,
  `user_id` int(11) NOT NULL,
  `rate` int(11) NOT NULL,
  `list` text NOT NULL,
  PRIMARY KEY (`id`,`user_id`,`rate`)
) ENGINE=MyISAM  DEFAULT CHARSET=utf8 AUTO_INCREMENT=36 ;

-- --------------------------------------------------------

--
-- Структура таблицы `vii_news`
--

CREATE TABLE IF NOT EXISTS `vii_news` (
  `ac_id` int(11) unsigned NOT NULL AUTO_INCREMENT,
  `ac_user_id` int(11) unsigned NOT NULL,
  `action_type` tinyint(4) unsigned NOT NULL,
  `action_text` text NOT NULL,
  `obj_id` int(11) unsigned NOT NULL,
  `action_time` int(11) unsigned NOT NULL,
  `for_user_id` int(11) unsigned NOT NULL,
  `answer_text` text NOT NULL,
  `link` varchar(200) NOT NULL,
  PRIMARY KEY (`ac_id`),
  KEY `for_fast_select1` (`ac_user_id`,`action_time`),
  KEY `for_fast_select2` (`ac_user_id`,`action_type`,`action_time`),
  KEY `for_user_id` (`for_user_id`),
  KEY `obj_id` (`obj_id`),
  KEY `action_time` (`action_time`)
) ENGINE=MyISAM DEFAULT CHARSET=utf8 AUTO_INCREMENT=1 ;

-- --------------------------------------------------------

--
-- Структура таблицы `vii_new_gifts`
--

CREATE TABLE IF NOT EXISTS `vii_new_gifts` (
  `gid` int(11) NOT NULL AUTO_INCREMENT,
  `uid` int(11) NOT NULL,
  `from_uid` int(11) NOT NULL,
  `gift` varchar(10) NOT NULL,
  `msg` varchar(200) NOT NULL,
  `anonim` tinyint(3) NOT NULL,
  `gdate` varchar(10) NOT NULL,
  `status` tinyint(3) NOT NULL,
  PRIMARY KEY (`gid`),
  KEY `uid` (`uid`),
  KEY `from_uid` (`from_uid`),
  KEY `status` (`status`)
) ENGINE=MyISAM DEFAULT CHARSET=utf8 AUTO_INCREMENT=1 ;

-- --------------------------------------------------------

--
-- Структура таблицы `vii_new_gifts_cat`
--

CREATE TABLE IF NOT EXISTS `vii_new_gifts_cat` (
  `id` int(11) NOT NULL AUTO_INCREMENT,
  `name` varchar(50) NOT NULL,
  `fon` varchar(50) NOT NULL,
  PRIMARY KEY (`id`)
) ENGINE=MyISAM  DEFAULT CHARSET=utf8 AUTO_INCREMENT=2 ;

--
-- Дамп данных таблицы `vii_new_gifts_cat`
--

INSERT INTO `vii_new_gifts_cat` (`id`, `name`, `fon`) VALUES
(1, 'Праздники', '027a3c3ece2703ad4bf6.');

-- --------------------------------------------------------

--
-- Структура таблицы `vii_new_gifts_free`
--

CREATE TABLE IF NOT EXISTS `vii_new_gifts_free` (
  `giftfree1` int(11) NOT NULL,
  `giftfree2` int(11) NOT NULL,
  `giftfree3` int(11) NOT NULL
) ENGINE=MyISAM DEFAULT CHARSET=utf8;

--
-- Дамп данных таблицы `vii_new_gifts_free`
--

INSERT INTO `vii_new_gifts_free` (`giftfree1`, `giftfree2`, `giftfree3`) VALUES
(7, 20, 40),
(7, 20, 40);

-- --------------------------------------------------------

--
-- Структура таблицы `vii_new_gifts_list`
--

CREATE TABLE IF NOT EXISTS `vii_new_gifts_list` (
  `gid` int(11) NOT NULL AUTO_INCREMENT,
  `img` varchar(50) NOT NULL,
  `price` mediumint(8) NOT NULL,
  `user_id` int(11) NOT NULL,
  `cat` smallint(6) NOT NULL,
  `title` varchar(50) NOT NULL,
  `msg_gift` varchar(50) NOT NULL,
  PRIMARY KEY (`gid`),
  KEY `img` (`img`),
  KEY `img_2` (`img`,`user_id`),
  KEY `cat` (`cat`)
) ENGINE=MyISAM  DEFAULT CHARSET=utf8 AUTO_INCREMENT=5 ;

--
-- Дамп данных таблицы `vii_new_gifts_list`
--

INSERT INTO `vii_new_gifts_list` (`gid`, `img`, `price`, `user_id`, `cat`, `title`, `msg_gift`) VALUES
(2, '1403685825', 1, 0, 1, '22', '2121'),
(3, '1403685836', 2, 0, 0, '33', '23112'),
(4, '1403685850', 1, 0, 1, '234', '4534534');

-- --------------------------------------------------------

--
-- Структура таблицы `vii_notes`
--

CREATE TABLE IF NOT EXISTS `vii_notes` (
  `id` int(11) unsigned NOT NULL AUTO_INCREMENT,
  `owner_user_id` int(11) unsigned NOT NULL,
  `title` varchar(65) NOT NULL,
  `full_text` text NOT NULL,
  `date` datetime NOT NULL,
  `comm_num` mediumint(8) unsigned NOT NULL,
  PRIMARY KEY (`id`),
  KEY `owner_user_id` (`owner_user_id`),
  KEY `date` (`date`),
  FULLTEXT KEY `title` (`title`,`full_text`)
) ENGINE=MyISAM DEFAULT CHARSET=utf8 AUTO_INCREMENT=1 ;

-- --------------------------------------------------------

--
-- Структура таблицы `vii_notes_comments`
--

CREATE TABLE IF NOT EXISTS `vii_notes_comments` (
  `id` int(11) unsigned NOT NULL AUTO_INCREMENT,
  `note_id` int(11) unsigned NOT NULL,
  `from_user_id` int(11) unsigned NOT NULL,
  `text` text NOT NULL,
  `add_date` datetime NOT NULL,
  PRIMARY KEY (`id`),
  KEY `note_id` (`note_id`),
  KEY `from_user_id` (`from_user_id`),
  KEY `add_date` (`add_date`)
) ENGINE=MyISAM DEFAULT CHARSET=utf8 AUTO_INCREMENT=1 ;

-- --------------------------------------------------------

--
-- Структура таблицы `vii_payments`
--

CREATE TABLE IF NOT EXISTS `vii_payments` (
  `payment_id` int(11) NOT NULL AUTO_INCREMENT,
  `payment_user` varchar(100) NOT NULL,
  `payment_datecreat` int(11) NOT NULL,
  `payment_datepay` int(11) NOT NULL,
  `payment_money` int(99) NOT NULL,
  `payment_cont` varchar(10) NOT NULL,
  `payment_system` text NOT NULL,
  PRIMARY KEY (`payment_id`)
) ENGINE=MyISAM DEFAULT CHARSET=utf8 AUTO_INCREMENT=1 ;

-- --------------------------------------------------------

--
-- Структура таблицы `vii_photos`
--

CREATE TABLE IF NOT EXISTS `vii_photos` (
  `id` int(11) unsigned NOT NULL AUTO_INCREMENT,
  `album_id` int(11) unsigned NOT NULL,
  `photo_name` varchar(25) NOT NULL,
  `user_id` int(11) unsigned NOT NULL,
  `descr` text NOT NULL,
  `comm_num` mediumint(8) unsigned NOT NULL,
  `date` datetime NOT NULL,
  `position` int(11) unsigned NOT NULL,
  `rating_num` int(11) NOT NULL,
  `rating_all` int(11) NOT NULL,
  `rating_max` int(11) NOT NULL,
  PRIMARY KEY (`id`),
  KEY `album_id` (`album_id`),
  KEY `user_id` (`user_id`),
  KEY `position` (`position`),
  KEY `date` (`date`),
  KEY `photo_name` (`photo_name`)
) ENGINE=MyISAM DEFAULT CHARSET=utf8 AUTO_INCREMENT=1 ;

-- --------------------------------------------------------

--
-- Структура таблицы `vii_photos_comments`
--

CREATE TABLE IF NOT EXISTS `vii_photos_comments` (
  `id` int(11) unsigned NOT NULL AUTO_INCREMENT,
  `owner_id` int(11) unsigned NOT NULL,
  `album_id` int(11) unsigned NOT NULL,
  `pid` int(11) unsigned NOT NULL,
  `user_id` mediumint(8) unsigned NOT NULL,
  `text` text NOT NULL,
  `date` datetime NOT NULL,
  `hash` varchar(32) NOT NULL,
  `photo_name` varchar(25) NOT NULL,
  PRIMARY KEY (`id`),
  KEY `owner_id` (`owner_id`),
  KEY `album_id` (`album_id`),
  KEY `user_id` (`user_id`),
  KEY `hash` (`hash`),
  KEY `photo_name` (`photo_name`),
  KEY `date` (`date`)
) ENGINE=MyISAM  DEFAULT CHARSET=utf8 AUTO_INCREMENT=5 ;

-- --------------------------------------------------------

--
-- Структура таблицы `vii_photos_mark`
--

CREATE TABLE IF NOT EXISTS `vii_photos_mark` (
  `muser_id` int(11) unsigned NOT NULL,
  `mphoto_id` int(11) unsigned NOT NULL,
  `mphoto_name` varchar(50) NOT NULL,
  `mdate` varchar(15) NOT NULL,
  `msettings_pos` varchar(90) NOT NULL,
  `mmark_user_id` int(11) unsigned NOT NULL,
  `mapprove` tinyint(1) unsigned NOT NULL,
  KEY `muser_id` (`muser_id`),
  KEY `mphoto_id` (`mphoto_id`),
  KEY `mdate` (`mdate`),
  FULLTEXT KEY `mphoto_name` (`mphoto_name`)
) ENGINE=MyISAM DEFAULT CHARSET=utf8;

-- --------------------------------------------------------

--
-- Структура таблицы `vii_photos_rating`
--

CREATE TABLE IF NOT EXISTS `vii_photos_rating` (
  `id` int(11) NOT NULL AUTO_INCREMENT,
  `photo_id` int(11) NOT NULL,
  `user_id` int(11) NOT NULL,
  `date` varchar(10) NOT NULL,
  `rating` tinyint(3) NOT NULL,
  `owner_user_id` int(11) NOT NULL,
  PRIMARY KEY (`id`),
  KEY `for_select_1` (`user_id`),
  KEY `for_select_2` (`photo_id`,`user_id`)
) ENGINE=MyISAM DEFAULT CHARSET=utf8 AUTO_INCREMENT=1 ;

-- --------------------------------------------------------

--
-- Структура таблицы `vii_pins`
--

CREATE TABLE IF NOT EXISTS `vii_pins` (
  `id` int(11) NOT NULL AUTO_INCREMENT,
  `uid` int(11) NOT NULL,
  `category` int(11) NOT NULL,
  `descr` text NOT NULL,
  `date` int(11) NOT NULL,
  `sticker` varchar(70) NOT NULL,
  `likes_num` int(11) NOT NULL,
  `com_num` int(11) NOT NULL,
  PRIMARY KEY (`id`)
) ENGINE=MyISAM DEFAULT CHARSET=utf8 AUTO_INCREMENT=1 ;

-- --------------------------------------------------------

--
-- Структура таблицы `vii_pins_comment`
--

CREATE TABLE IF NOT EXISTS `vii_pins_comment` (
  `id` int(11) NOT NULL AUTO_INCREMENT,
  `pid` int(11) NOT NULL,
  `uid` int(11) NOT NULL,
  `text` text NOT NULL,
  `data` int(11) NOT NULL,
  PRIMARY KEY (`id`)
) ENGINE=MyISAM  DEFAULT CHARSET=utf8 AUTO_INCREMENT=8 ;

-- --------------------------------------------------------

--
-- Структура таблицы `vii_report`
--

CREATE TABLE IF NOT EXISTS `vii_report` (
  `id` int(11) unsigned NOT NULL AUTO_INCREMENT,
  `act` varchar(10) NOT NULL,
  `type` smallint(5) unsigned NOT NULL,
  `text` text NOT NULL,
  `mid` int(11) unsigned NOT NULL,
  `date` varchar(10) NOT NULL,
  `ruser_id` int(11) unsigned NOT NULL,
  PRIMARY KEY (`id`),
  KEY `ruser_id` (`ruser_id`),
  KEY `mid` (`mid`),
  KEY `act` (`act`),
  KEY `date` (`date`)
) ENGINE=MyISAM  DEFAULT CHARSET=utf8 AUTO_INCREMENT=3 ;

-- --------------------------------------------------------

--
-- Структура таблицы `vii_restore`
--

CREATE TABLE IF NOT EXISTS `vii_restore` (
  `id` int(11) NOT NULL AUTO_INCREMENT,
  `email` varchar(50) NOT NULL,
  `hash` varchar(32) NOT NULL,
  `ip` varchar(15) NOT NULL,
  PRIMARY KEY (`id`),
  KEY `email` (`email`),
  KEY `hash` (`hash`),
  KEY `ip` (`ip`)
) ENGINE=MyISAM DEFAULT CHARSET=utf8 AUTO_INCREMENT=1 ;

-- --------------------------------------------------------

--
-- Структура таблицы `vii_restricted_sites`
--

CREATE TABLE IF NOT EXISTS `vii_restricted_sites` (
  `domain` varchar(255) NOT NULL,
  `text` text NOT NULL,
  PRIMARY KEY (`domain`)
) ENGINE=MyISAM DEFAULT CHARSET=utf8;

-- --------------------------------------------------------

--
-- Структура таблицы `vii_reviews`
--

CREATE TABLE IF NOT EXISTS `vii_reviews` (
  `id` int(11) NOT NULL AUTO_INCREMENT,
  `user_id` int(11) NOT NULL,
  `text` text NOT NULL,
  `date` int(10) NOT NULL,
  `approve` tinyint(1) NOT NULL,
  PRIMARY KEY (`id`),
  KEY `date` (`date`),
  KEY `for_sel` (`user_id`,`approve`),
  KEY `approve` (`approve`)
) ENGINE=MyISAM  DEFAULT CHARSET=utf8 AUTO_INCREMENT=5 ;

-- --------------------------------------------------------

--
-- Структура таблицы `vii_sms_log`
--

CREATE TABLE IF NOT EXISTS `vii_sms_log` (
  `user_id` int(11) NOT NULL,
  `from_u` varchar(20) NOT NULL,
  `msg` varchar(100) NOT NULL,
  `operator_id` int(11) NOT NULL,
  `country` int(11) NOT NULL,
  `short_number` varchar(50) NOT NULL,
  `abonent_cost` float NOT NULL,
  `date` varchar(10) NOT NULL,
  KEY `user_id` (`user_id`)
) ENGINE=MyISAM DEFAULT CHARSET=utf8;

-- --------------------------------------------------------

--
-- Структура таблицы `vii_static`
--

CREATE TABLE IF NOT EXISTS `vii_static` (
  `id` int(11) NOT NULL AUTO_INCREMENT,
  `alt_name` varchar(50) NOT NULL,
  `title` varchar(150) NOT NULL,
  `text` text NOT NULL,
  PRIMARY KEY (`id`),
  KEY `alt_name` (`alt_name`)
) ENGINE=MyISAM DEFAULT CHARSET=utf8 AUTO_INCREMENT=1 ;

-- --------------------------------------------------------

--
-- Структура таблицы `vii_support`
--

CREATE TABLE IF NOT EXISTS `vii_support` (
  `id` int(11) unsigned NOT NULL AUTO_INCREMENT,
  `title` varchar(65) NOT NULL,
  `question` text NOT NULL,
  `suser_id` int(11) unsigned NOT NULL,
  `sfor_user_id` int(11) unsigned NOT NULL,
  `sdate` varchar(15) NOT NULL,
  `сdate` varchar(15) NOT NULL,
  PRIMARY KEY (`id`),
  KEY `suser_id` (`suser_id`),
  KEY `сdate` (`сdate`)
) ENGINE=MyISAM DEFAULT CHARSET=utf8 AUTO_INCREMENT=1 ;

-- --------------------------------------------------------

--
-- Структура таблицы `vii_support_answers`
--

CREATE TABLE IF NOT EXISTS `vii_support_answers` (
  `id` int(11) unsigned NOT NULL AUTO_INCREMENT,
  `qid` int(11) unsigned NOT NULL,
  `auser_id` int(11) unsigned NOT NULL,
  `adate` varchar(15) NOT NULL,
  `answer` text NOT NULL,
  PRIMARY KEY (`id`),
  KEY `qid` (`qid`),
  KEY `auser_id` (`auser_id`),
  KEY `adate` (`adate`)
) ENGINE=MyISAM DEFAULT CHARSET=utf8 AUTO_INCREMENT=1 ;

-- --------------------------------------------------------

--
-- Структура таблицы `vii_updates`
--

CREATE TABLE IF NOT EXISTS `vii_updates` (
  `id` int(11) unsigned NOT NULL AUTO_INCREMENT,
  `for_user_id` mediumint(8) unsigned NOT NULL,
  `from_user_id` mediumint(8) unsigned NOT NULL,
  `type` smallint(6) unsigned NOT NULL,
  `date` varchar(10) NOT NULL,
  `text` text NOT NULL,
  `lnk` varchar(100) NOT NULL,
  `user_search_pref` varchar(50) NOT NULL,
  `user_photo` varchar(25) NOT NULL,
  PRIMARY KEY (`id`),
  KEY `for_user_id` (`for_user_id`),
  KEY `date` (`date`)
) ENGINE=MyISAM DEFAULT CHARSET=utf8 AUTO_INCREMENT=1 ;

-- --------------------------------------------------------

--
-- Структура таблицы `vii_users`
--

CREATE TABLE IF NOT EXISTS `vii_users` (
  `user_id` mediumint(11) NOT NULL AUTO_INCREMENT,
  `user_email` varchar(50) NOT NULL,
  `user_password` varchar(32) NOT NULL,
  `user_name` varchar(30) NOT NULL,
  `user_lastname` varchar(30) NOT NULL,
  `user_photo` varchar(255) NOT NULL,
  `user_wall_id` int(11) NOT NULL,
  `user_birthday` varchar(30) NOT NULL,
  `user_sex` varchar(3) NOT NULL,
  `user_day` varchar(3) NOT NULL,
  `user_month` varchar(3) NOT NULL,
  `user_year` varchar(4) NOT NULL,
  `user_country` varchar(6) NOT NULL,
  `user_city` varchar(6) NOT NULL,
  `user_reg_date` varchar(20) NOT NULL,
  `user_lastdate` varchar(20) NOT NULL,
  `user_group` varchar(1) NOT NULL,
  `user_hid` varchar(64) NOT NULL,
  `user_country_city_name` varchar(100) NOT NULL,
  `user_search_pref` varchar(60) NOT NULL,
  `user_xfields` text NOT NULL,
  `xfields` text NOT NULL,
  `user_xfields_all` text NOT NULL,
  `user_albums_num` smallint(6) NOT NULL,
  `user_friends_demands` int(11) NOT NULL,
  `user_friends_num` mediumint(8) NOT NULL,
  `user_last_visit` varchar(15) NOT NULL,
  `user_fave_num` mediumint(8) NOT NULL,
  `user_pm_num` mediumint(8) NOT NULL,
  `user_notes_num` mediumint(8) NOT NULL,
  `user_subscriptions_num` mediumint(8) NOT NULL,
  `user_videos_num` mediumint(8) NOT NULL,
  `user_wall_num` int(11) NOT NULL,
  `user_status` varchar(255) NOT NULL,
  `user_privacy` varchar(250) NOT NULL,
  `user_blacklist_num` mediumint(8) NOT NULL,
  `user_blacklist` text NOT NULL,
  `user_sp` varchar(10) NOT NULL,
  `user_support` smallint(6) NOT NULL,
  `user_balance` mediumint(8) NOT NULL,
  `user_lastupdate` varchar(10) NOT NULL,
  `user_gifts` mediumint(8) NOT NULL,
  `user_public_num` mediumint(8) NOT NULL,
  `user_audio` int(11) NOT NULL,
  `user_msg_type` tinyint(2) NOT NULL,
  `user_delet` tinyint(3) NOT NULL,
  `user_ban` tinyint(3) NOT NULL,
  `user_ban_date` varchar(10) NOT NULL,
  `user_new_mark_photos` mediumint(8) NOT NULL,
  `user_doc_num` mediumint(8) NOT NULL,
  `user_logged_mobile` tinyint(1) NOT NULL,
  `guests` mediumint(8) NOT NULL,
  `user_cover` varchar(25) NOT NULL,
  `user_cover_pos` varchar(4) NOT NULL,
  `balance_rub` double NOT NULL,
  `user_rating` mediumint(8) NOT NULL,
  `invties_pub_num` smallint(6) NOT NULL,
  `giftfree_active` int(11) NOT NULL,
  `giftfree_count` int(11) NOT NULL,
  `giftfree_date` varchar(50) NOT NULL,
  `user_img_fon` text,
  `see_guests` text,
  `user_vk` int(55) NOT NULL,
  `user_znachok` int(11) NOT NULL,
  `user_videos_albums_num` int(11) NOT NULL,
  `user_invisibility` int(11) NOT NULL,
  `invisibility_date` int(11) NOT NULL,
  PRIMARY KEY (`user_id`),
  KEY `user_logged_hash` (`user_hid`),
  KEY `user_password` (`user_password`),
  KEY `user_email` (`user_email`),
  KEY `user_country` (`user_country`),
  KEY `user_city` (`user_city`),
  KEY `user_photo` (`user_photo`),
  KEY `user_sex` (`user_sex`),
  KEY `user_day` (`user_day`),
  KEY `user_month` (`user_month`),
  KEY `user_year` (`user_year`),
  KEY `user_delet` (`user_delet`),
  KEY `user_ban` (`user_ban`),
  KEY `user_reg_date` (`user_reg_date`),
  KEY `user_last_visit` (`user_last_visit`),
  KEY `user_sp` (`user_sp`),
  KEY `user_rating` (`user_rating`),
  KEY `user_search_pref` (`user_search_pref`)
) ENGINE=MyISAM DEFAULT CHARSET=utf8 AUTO_INCREMENT=1 ;

-- --------------------------------------------------------

--
-- Структура таблицы `vii_users_logs`
--

CREATE TABLE IF NOT EXISTS `vii_users_logs` (
  `user_id` int(11) NOT NULL,
  `ip` varchar(16) NOT NULL,
  `browser` text NOT NULL,
  `date` int(11) NOT NULL,
  `act` tinyint(3) NOT NULL,
  `spent` float NOT NULL,
  `for_user_id` int(11) NOT NULL,
  `earnings` float NOT NULL,
  `rub_num` float NOT NULL,
  `unban` int(11) NOT NULL,
  KEY `user_id` (`user_id`),
  KEY `for_sel` (`ip`,`user_id`,`act`),
  KEY `for_sel_1` (`user_id`,`act`)
) ENGINE=MyISAM DEFAULT CHARSET=utf8;

-- --------------------------------------------------------

--
-- Структура таблицы `vii_users_name`
--

CREATE TABLE IF NOT EXISTS `vii_users_name` (
  `id` mediumint(11) NOT NULL AUTO_INCREMENT,
  `user_name` varchar(30) NOT NULL,
  `user_lastname` varchar(30) NOT NULL,
  `user_search_pref` varchar(60) NOT NULL,
  `user_name_active` int(11) NOT NULL,
  `user_id` int(11) NOT NULL,
  `time_yes` varchar(60) NOT NULL,
  `time_no` varchar(60) NOT NULL,
  PRIMARY KEY (`id`),
  KEY `user_search_pref` (`user_search_pref`)
) ENGINE=MyISAM DEFAULT CHARSET=utf8 AUTO_INCREMENT=1 ;

-- --------------------------------------------------------

--
-- Структура таблицы `vii_users_rating`
--

CREATE TABLE IF NOT EXISTS `vii_users_rating` (
  `id` int(11) NOT NULL AUTO_INCREMENT,
  `user_id` int(11) NOT NULL,
  `for_user_id` int(11) NOT NULL,
  `addnum` int(11) NOT NULL,
  `date` varchar(10) NOT NULL,
  PRIMARY KEY (`id`),
  KEY `for_select` (`user_id`)
) ENGINE=MyISAM DEFAULT CHARSET=utf8 AUTO_INCREMENT=1 ;

-- --------------------------------------------------------

--
-- Структура таблицы `vii_users_stats`
--

CREATE TABLE IF NOT EXISTS `vii_users_stats` (
  `user_id` int(11) unsigned NOT NULL,
  `users` int(11) unsigned NOT NULL,
  `views` int(11) unsigned NOT NULL,
  `date` int(6) unsigned NOT NULL,
  `date_x` int(8) unsigned NOT NULL,
  KEY `date` (`date`),
  KEY `user_id` (`user_id`),
  KEY `date_x` (`date_x`),
  KEY `views` (`views`),
  KEY `users` (`users`)
) ENGINE=MyISAM DEFAULT CHARSET=utf8;

-- --------------------------------------------------------

--
-- Структура таблицы `vii_users_stats_log`
--

CREATE TABLE IF NOT EXISTS `vii_users_stats_log` (
  `user_id` int(11) unsigned NOT NULL,
  `for_user_id` int(11) unsigned NOT NULL,
  `date` int(8) unsigned NOT NULL,
  KEY `user_id` (`user_id`,`for_user_id`,`date`)
) ENGINE=MyISAM DEFAULT CHARSET=utf8;

--
-- Дамп данных таблицы `vii_users_stats_log`
--

INSERT INTO `vii_users_stats_log` (`user_id`, `for_user_id`, `date`) VALUES
(1, 2, 20131211),
(1, 2, 20131212),
(1, 2, 20131213),
(1, 3, 20131212),
(1, 3, 20131213),
(1, 4, 20131213),
(1, 4, 20131214),
(1, 5, 20131213),
(1, 5, 20131214),
(1, 6, 20131213),
(1, 7, 20131213),
(1, 7, 20131214),
(1, 9, 20140630),
(1, 19, 20141011),
(2, 1, 20131211),
(2, 1, 20131212),
(2, 1, 20131213),
(2, 1, 20131214),
(3, 1, 20131212),
(3, 1, 20131213),
(3, 2, 20131212),
(5, 1, 20131213),
(5, 1, 20131214),
(6, 1, 20131213),
(7, 1, 20131213),
(7, 1, 20131214),
(7, 5, 20131213),
(7, 6, 20131213),
(9, 1, 20140701),
(9, 1, 20140719),
(9, 1, 20141002),
(9, 1, 20141004),
(9, 1, 20141005),
(9, 1, 20141006),
(9, 1, 20141007),
(9, 1, 20141010),
(9, 2, 20140719),
(9, 5, 20141005),
(9, 8, 20140701),
(9, 10, 20140629),
(9, 10, 20140701),
(9, 10, 20140705),
(9, 10, 20140906),
(9, 10, 20141002),
(9, 10, 20141004),
(9, 10, 20141005),
(9, 10, 20141006),
(9, 10, 20141007),
(9, 10, 20141009),
(9, 10, 20141010),
(9, 10, 20141011),
(9, 16, 20140703),
(9, 16, 20140704),
(9, 17, 20140704),
(9, 17, 20141002),
(9, 17, 20141004),
(9, 17, 20141005),
(9, 17, 20141006),
(9, 17, 20141007),
(9, 17, 20141010),
(9, 17, 20141011),
(9, 19, 20141005),
(9, 22, 20140719),
(9, 22, 20141010),
(9, 22, 20141011),
(9, 40, 20141011),
(9, 40, 20141012),
(9, 40, 20141015),
(9, 40, 20141020),
(9, 40, 20141021),
(10, 9, 20140629),
(10, 9, 20140701),
(10, 9, 20140719),
(10, 9, 20140806),
(10, 9, 20141006),
(10, 9, 20141010),
(10, 9, 20141011),
(10, 22, 20140719),
(10, 22, 20141010),
(10, 22, 20141011),
(14, 9, 20140701),
(17, 1, 20140705),
(17, 1, 20140708),
(17, 9, 20140704),
(17, 9, 20140705),
(17, 9, 20140708),
(17, 10, 20140705),
(17, 18, 20140708),
(18, 1, 20140725),
(18, 9, 20140705),
(18, 9, 20140725),
(18, 17, 20140705),
(18, 17, 20140725),
(19, 1, 20140705),
(20, 9, 20140711),
(22, 1, 20140719),
(22, 9, 20140719),
(22, 10, 20140719),
(23, 1, 20140719),
(23, 6, 20140719),
(24, 1, 20140720),
(24, 1, 20140721),
(24, 9, 20140720),
(26, 1, 20140720),
(31, 1, 20140721),
(33, 1, 20140723),
(33, 9, 20140723),
(33, 20, 20140723),
(34, 1, 20140724),
(34, 2, 20140724),
(34, 3, 20140724),
(34, 31, 20140724),
(34, 32, 20140724),
(36, 1, 20140730),
(40, 9, 20141011),
(40, 9, 20141012),
(40, 9, 20141020);

-- --------------------------------------------------------

--
-- Структура таблицы `vii_user_log`
--

CREATE TABLE IF NOT EXISTS `vii_user_log` (
  `id` int(11) NOT NULL AUTO_INCREMENT,
  `uid` int(11) NOT NULL,
  `browser` varchar(255) CHARACTER SET latin1 NOT NULL,
  `ip` varchar(255) CHARACTER SET latin1 NOT NULL,
  `date` int(11) NOT NULL,
  PRIMARY KEY (`id`)
) ENGINE=MyISAM  DEFAULT CHARSET=utf8 ROW_FORMAT=DYNAMIC AUTO_INCREMENT=113 ;

--
-- Дамп данных таблицы `vii_user_log`
--

INSERT INTO `vii_user_log` (`id`, `uid`, `browser`, `ip`, `date`) VALUES
(1, 0, 'Mozilla/5.0 (Windows NT 6.3; WOW64) AppleWebKit/537.36 (KHTML, like Gecko) Maxthon/4.4.1.2000 Chrome/30.0.1599.101 Safari/537.36', '90.188.4.115', 1404020210),
(2, 0, 'Mozilla/5.0 (Windows NT 6.3; WOW64) AppleWebKit/537.36 (KHTML, like Gecko) Maxthon/4.4.1.2000 Chrome/30.0.1599.101 Safari/537.36', '90.188.4.115', 1404020279),
(3, 0, 'Mozilla/5.0 (Windows NT 6.3; WOW64) AppleWebKit/537.36 (KHTML, like Gecko) Maxthon/4.4.1.2000 Chrome/30.0.1599.101 Safari/537.36', '90.188.4.115', 1404020325),
(4, 0, 'Mozilla/5.0 (Windows NT 6.3; WOW64) AppleWebKit/537.36 (KHTML, like Gecko) Maxthon/4.4.1.2000 Chrome/30.0.1599.101 Safari/537.36', '90.188.4.115', 1404020457),
(5, 0, 'Mozilla/5.0 (Windows NT 6.3; WOW64) AppleWebKit/537.36 (KHTML, like Gecko) Maxthon/4.4.1.2000 Chrome/30.0.1599.101 Safari/537.36', '90.188.4.115', 1404021772),
(6, 0, 'Mozilla/5.0 (Windows NT 6.3; WOW64) AppleWebKit/537.36 (KHTML, like Gecko) Maxthon/4.4.1.2000 Chrome/30.0.1599.101 Safari/537.36', '90.188.4.115', 1404022182),
(7, 0, 'Mozilla/5.0 (Windows NT 6.3; WOW64) AppleWebKit/537.36 (KHTML, like Gecko) Maxthon/4.4.1.2000 Chrome/30.0.1599.101 Safari/537.36', '90.188.4.115', 1404033724),
(8, 0, 'Mozilla/5.0 (Windows NT 6.3; WOW64) AppleWebKit/537.36 (KHTML, like Gecko) Maxthon/4.4.1.2000 Chrome/30.0.1599.101 Safari/537.36', '90.188.4.115', 1404034794),
(9, 0, 'Mozilla/5.0 (Windows NT 6.3; WOW64) AppleWebKit/537.36 (KHTML, like Gecko) Maxthon/4.4.1.2000 Chrome/30.0.1599.101 Safari/537.36', '90.188.4.115', 1404035040),
(10, 0, 'Mozilla/5.0 (Windows NT 6.3; WOW64) AppleWebKit/537.36 (KHTML, like Gecko) Maxthon/4.4.1.2000 Chrome/30.0.1599.101 Safari/537.36', '90.188.4.115', 1404035219),
(11, 0, 'Mozilla/5.0 (Windows NT 6.3; WOW64) AppleWebKit/537.36 (KHTML, like Gecko) Maxthon/4.4.1.2000 Chrome/30.0.1599.101 Safari/537.36', '90.188.4.115', 1404035431),
(12, 0, 'Mozilla/5.0 (Windows NT 6.3; WOW64) AppleWebKit/537.36 (KHTML, like Gecko) Maxthon/4.4.1.2000 Chrome/30.0.1599.101 Safari/537.36', '90.188.4.115', 1404039288),
(13, 0, 'Mozilla/5.0 (Windows NT 6.3; WOW64) AppleWebKit/537.36 (KHTML, like Gecko) Maxthon/4.4.1.2000 Chrome/30.0.1599.101 Safari/537.36', '90.188.4.115', 1404043320),
(14, 0, 'Mozilla/5.0 (Windows NT 6.3; WOW64) AppleWebKit/537.36 (KHTML, like Gecko) Maxthon/4.4.1.2000 Chrome/30.0.1599.101 Safari/537.36', '90.188.4.115', 1404043401),
(15, 0, 'Mozilla/5.0 (Windows NT 6.3; WOW64) AppleWebKit/537.36 (KHTML, like Gecko) Maxthon/4.4.1.2000 Chrome/30.0.1599.101 Safari/537.36', '90.188.4.115', 1404043516),
(16, 0, 'Mozilla/5.0 (Windows NT 6.3; WOW64) AppleWebKit/537.36 (KHTML, like Gecko) Maxthon/4.4.1.2000 Chrome/30.0.1599.101 Safari/537.36', '90.188.4.115', 1404043598),
(17, 0, 'Mozilla/5.0 (Windows NT 6.3; WOW64) AppleWebKit/537.36 (KHTML, like Gecko) Maxthon/4.4.1.2000 Chrome/30.0.1599.101 Safari/537.36', '90.188.4.115', 1404044975),
(18, 0, 'Mozilla/5.0 (Windows NT 6.3; WOW64) AppleWebKit/537.36 (KHTML, like Gecko) Maxthon/4.4.1.2000 Chrome/30.0.1599.101 Safari/537.36', '90.188.4.115', 1404046868),
(19, 0, 'Mozilla/5.0 (Windows NT 6.3; WOW64) AppleWebKit/537.36 (KHTML, like Gecko) Maxthon/4.4.1.2000 Chrome/30.0.1599.101 Safari/537.36', '90.188.4.115', 1404047173),
(20, 0, 'Mozilla/5.0 (Windows NT 6.3; WOW64) AppleWebKit/537.36 (KHTML, like Gecko) Maxthon/4.4.1.2000 Chrome/30.0.1599.101 Safari/537.36', '90.188.4.115', 1404047534),
(21, 0, 'Mozilla/5.0 (Windows NT 6.3; WOW64) AppleWebKit/537.36 (KHTML, like Gecko) Maxthon/4.4.1.2000 Chrome/30.0.1599.101 Safari/537.36', '90.188.4.115', 1404047883),
(22, 0, 'Mozilla/5.0 (Windows NT 6.3; WOW64) AppleWebKit/537.36 (KHTML, like Gecko) Maxthon/4.4.1.2000 Chrome/30.0.1599.101 Safari/537.36', '90.188.4.115', 1404048195),
(23, 0, 'Mozilla/5.0 (Windows NT 6.3; WOW64) AppleWebKit/537.36 (KHTML, like Gecko) Maxthon/4.4.1.2000 Chrome/30.0.1599.101 Safari/537.36', '90.188.4.115', 1404052864),
(24, 0, 'Mozilla/5.0 (Windows NT 6.3; WOW64) AppleWebKit/537.36 (KHTML, like Gecko) Maxthon/4.4.1.2000 Chrome/30.0.1599.101 Safari/537.36', '90.188.4.115', 1404058174),
(25, 0, 'Mozilla/5.0 (Windows NT 6.3; WOW64) AppleWebKit/537.36 (KHTML, like Gecko) Maxthon/4.4.1.2000 Chrome/30.0.1599.101 Safari/537.36', '90.188.4.115', 1404071393),
(26, 0, 'Mozilla/5.0 (Windows NT 6.3; WOW64) AppleWebKit/537.36 (KHTML, like Gecko) Maxthon/4.4.1.2000 Chrome/30.0.1599.101 Safari/537.36', '90.188.4.115', 1404099003),
(27, 0, 'Mozilla/5.0 (Windows NT 6.3; WOW64) AppleWebKit/537.36 (KHTML, like Gecko) Maxthon/4.4.1.2000 Chrome/30.0.1599.101 Safari/537.36', '90.188.4.115', 1404099367),
(28, 0, 'Mozilla/5.0 (Windows NT 6.3; WOW64) AppleWebKit/537.36 (KHTML, like Gecko) Maxthon/4.4.1.2000 Chrome/30.0.1599.101 Safari/537.36', '90.188.4.115', 1404125854),
(29, 0, 'Mozilla/5.0 (Windows NT 6.3; WOW64) AppleWebKit/537.36 (KHTML, like Gecko) Maxthon/4.4.1.2000 Chrome/30.0.1599.101 Safari/537.36', '90.188.4.115', 1404125948),
(30, 0, 'Mozilla/5.0 (Windows NT 6.3; WOW64) AppleWebKit/537.36 (KHTML, like Gecko) Maxthon/4.4.1.2000 Chrome/30.0.1599.101 Safari/537.36', '90.188.4.115', 1404139583),
(31, 0, 'Mozilla/5.0 (Windows NT 6.3; WOW64) AppleWebKit/537.36 (KHTML, like Gecko) Maxthon/4.4.1.2000 Chrome/30.0.1599.101 Safari/537.36', '90.188.4.115', 1404155197),
(32, 0, 'Mozilla/5.0 (Windows NT 6.3; WOW64) AppleWebKit/537.36 (KHTML, like Gecko) Maxthon/4.4.1.2000 Chrome/30.0.1599.101 Safari/537.36', '90.188.4.115', 1404186921),
(33, 0, 'Mozilla/5.0 (Windows NT 6.3; WOW64) AppleWebKit/537.36 (KHTML, like Gecko) Maxthon/4.4.1.2000 Chrome/30.0.1599.101 Safari/537.36', '90.188.4.115', 1404196097),
(34, 0, 'Mozilla/5.0 (Windows NT 6.3; WOW64) AppleWebKit/537.36 (KHTML, like Gecko) Maxthon/4.4.1.2000 Chrome/30.0.1599.101 Safari/537.36', '90.188.4.115', 1404200907),
(35, 0, 'Mozilla/5.0 (Windows NT 6.3; WOW64) AppleWebKit/537.36 (KHTML, like Gecko) Maxthon/4.4.1.2000 Chrome/30.0.1599.101 Safari/537.36', '90.188.4.115', 1404207155),
(36, 0, 'Mozilla/5.0 (Windows NT 6.3; WOW64) AppleWebKit/537.36 (KHTML, like Gecko) Maxthon/4.4.1.2000 Chrome/30.0.1599.101 Safari/537.36', '90.188.4.115', 1404221754),
(37, 0, 'Mozilla/5.0 (Windows NT 6.3; WOW64) AppleWebKit/537.36 (KHTML, like Gecko) Maxthon/4.4.1.2000 Chrome/30.0.1599.101 Safari/537.36', '90.188.4.115', 1404226473),
(38, 0, 'Mozilla/5.0 (Windows NT 6.3; WOW64) AppleWebKit/537.36 (KHTML, like Gecko) Maxthon/4.4.1.2000 Chrome/30.0.1599.101 Safari/537.36', '90.188.4.115', 1404279363),
(39, 0, 'Mozilla/5.0 (Windows NT 6.3; WOW64) AppleWebKit/537.36 (KHTML, like Gecko) Maxthon/4.4.1.2000 Chrome/30.0.1599.101 Safari/537.36', '90.188.4.115', 1404279416),
(40, 0, 'Mozilla/5.0 (Windows NT 6.3; WOW64) AppleWebKit/537.36 (KHTML, like Gecko) Maxthon/4.4.1.2000 Chrome/30.0.1599.101 Safari/537.36', '90.188.4.115', 1404325565),
(41, 0, 'Mozilla/5.0 (Windows NT 6.3; WOW64) AppleWebKit/537.36 (KHTML, like Gecko) Maxthon/4.4.1.2000 Chrome/30.0.1599.101 Safari/537.36', '90.188.4.115', 1404364796),
(42, 0, 'Mozilla/5.0 (Windows NT 6.3; WOW64) AppleWebKit/537.36 (KHTML, like Gecko) Maxthon/4.4.1.2000 Chrome/30.0.1599.101 Safari/537.36', '90.188.4.115', 1404379591),
(43, 0, 'Mozilla/5.0 (Windows NT 6.3; WOW64) AppleWebKit/537.36 (KHTML, like Gecko) Maxthon/4.4.1.2000 Chrome/30.0.1599.101 Safari/537.36', '90.188.4.115', 1404411004),
(44, 0, 'Mozilla/5.0 (Windows NT 6.3; WOW64) AppleWebKit/537.36 (KHTML, like Gecko) Maxthon/4.4.1.2000 Chrome/30.0.1599.101 Safari/537.36', '90.188.4.115', 1404447630),
(45, 0, 'Mozilla/5.0 (Windows NT 6.3; WOW64) AppleWebKit/537.36 (KHTML, like Gecko) Maxthon/4.4.1.2000 Chrome/30.0.1599.101 Safari/537.36', '90.188.4.115', 1404495863),
(46, 0, 'Mozilla/5.0 (Windows NT 6.3; WOW64) AppleWebKit/537.36 (KHTML, like Gecko) Maxthon/4.4.1.2000 Chrome/30.0.1599.101 Safari/537.36', '90.188.4.115', 1404536359),
(47, 0, 'Mozilla/5.0 (Windows NT 6.1; WOW64; rv:30.0) Gecko/20100101 Firefox/30.0', '212.66.39.176', 1404542416),
(48, 0, 'Mozilla/5.0 (Windows NT 6.3; WOW64) AppleWebKit/537.36 (KHTML, like Gecko) Maxthon/4.4.1.2000 Chrome/30.0.1599.101 Safari/537.36', '90.188.4.115', 1404542721),
(49, 0, 'Mozilla/5.0 (Windows NT 6.3; WOW64) AppleWebKit/537.36 (KHTML, like Gecko) Maxthon/4.4.1.2000 Chrome/30.0.1599.101 Safari/537.36', '90.188.4.115', 1404545875),
(50, 0, 'Mozilla/5.0 (Windows NT 6.1; WOW64; rv:30.0) Gecko/20100101 Firefox/30.0', '212.66.39.176', 1404715409),
(51, 0, 'Mozilla/5.0 (Windows NT 6.3; WOW64) AppleWebKit/537.36 (KHTML, like Gecko) Maxthon/4.4.1.2000 Chrome/30.0.1599.101 Safari/537.36', '90.188.4.115', 1404793688),
(52, 0, 'Mozilla/5.0 (Windows NT 6.1; WOW64; rv:30.0) Gecko/20100101 Firefox/30.0', '212.66.39.176', 1404826476),
(53, 0, 'Mozilla/5.0 (Windows NT 6.3; WOW64) AppleWebKit/537.36 (KHTML, like Gecko) Maxthon/4.4.1.2000 Chrome/30.0.1599.101 Safari/537.36', '90.188.4.115', 1404832650),
(54, 0, 'Mozilla/5.0 (Windows NT 6.3; WOW64) AppleWebKit/537.36 (KHTML, like Gecko) Maxthon/4.4.1.2000 Chrome/30.0.1599.101 Safari/537.36', '90.188.4.115', 1404982145),
(55, 0, 'Mozilla/5.0 (Windows NT 6.3; WOW64) AppleWebKit/537.36 (KHTML, like Gecko) Maxthon/4.4.1.2000 Chrome/30.0.1599.101 Safari/537.36', '90.188.4.115', 1405575651),
(56, 0, 'Mozilla/5.0 (Windows NT 6.3; WOW64) AppleWebKit/537.36 (KHTML, like Gecko) Maxthon/4.4.1.2000 Chrome/30.0.1599.101 Safari/537.36', '90.188.4.115', 1405741856),
(57, 0, 'Mozilla/5.0 (Windows NT 6.3; WOW64) AppleWebKit/537.36 (KHTML, like Gecko) Maxthon/4.4.1.2000 Chrome/30.0.1599.101 Safari/537.36', '90.188.4.115', 1405877884),
(58, 0, 'Mozilla/5.0 (Windows NT 6.1; WOW64) AppleWebKit/537.36 (KHTML, like Gecko) Chrome/36.0.1985.125 Safari/537.36 OPR/23.0.1522.60', '31.29.248.26', 1406274121),
(59, 0, 'Mozilla/5.0 (Windows NT 6.3; WOW64) AppleWebKit/537.36 (KHTML, like Gecko) Maxthon/4.4.1.3000 Chrome/30.0.1599.101 Safari/537.36', '90.188.4.115', 1406274466),
(60, 0, 'Mozilla/5.0 (Windows NT 6.3; WOW64) AppleWebKit/537.36 (KHTML, like Gecko) Maxthon/4.4.1.3000 Chrome/30.0.1599.101 Safari/537.36', '90.188.4.115', 1406349966),
(61, 0, 'Mozilla/5.0 (Windows NT 6.3; WOW64) AppleWebKit/537.36 (KHTML, like Gecko) Maxthon/4.4.1.3000 Chrome/30.0.1599.101 Safari/537.36', '90.188.4.115', 1406435229),
(62, 0, 'Mozilla/5.0 (Windows NT 6.3; WOW64) AppleWebKit/537.36 (KHTML, like Gecko) Maxthon/4.4.1.3000 Chrome/30.0.1599.101 Safari/537.36', '90.188.4.115', 1407056653),
(63, 0, 'Mozilla/5.0 (Windows NT 6.3; WOW64) AppleWebKit/537.36 (KHTML, like Gecko) Maxthon/4.4.1.3000 Chrome/30.0.1599.101 Safari/537.36', '90.188.4.115', 1407300183),
(64, 0, 'Mozilla/5.0 (Windows NT 6.3; WOW64) AppleWebKit/537.36 (KHTML, like Gecko) Maxthon/4.4.1.3000 Chrome/30.0.1599.101 Safari/537.36', '90.188.4.115', 1407319529),
(65, 0, 'Mozilla/5.0 (Windows NT 6.3; WOW64) AppleWebKit/537.36 (KHTML, like Gecko) Maxthon/4.4.1.3000 Chrome/30.0.1599.101 Safari/537.36', '90.188.4.115', 1407741928),
(66, 0, 'Mozilla/5.0 (Windows NT 6.3; WOW64) AppleWebKit/537.36 (KHTML, like Gecko) Maxthon/4.4.1.5000 Chrome/30.0.1599.101 Safari/537.36', '90.188.4.115', 1410017744),
(67, 0, 'Mozilla/5.0 (Windows NT 6.3; WOW64) AppleWebKit/537.36 (KHTML, like Gecko) Maxthon/4.4.2.2000 Chrome/30.0.1599.101 Safari/537.36', '90.188.4.115', 1411999466),
(68, 0, 'Mozilla/5.0 (Windows NT 6.3; WOW64) AppleWebKit/537.36 (KHTML, like Gecko) Maxthon/4.4.2.2000 Chrome/30.0.1599.101 Safari/537.36', '127.0.0.1', 1412214357),
(69, 0, 'Mozilla/5.0 (Windows NT 6.3; WOW64) AppleWebKit/537.36 (KHTML, like Gecko) Chrome/37.0.2062.124 Safari/537.36', '127.0.0.1', 1412215542),
(70, 0, 'Mozilla/5.0 (Windows NT 6.3; WOW64) AppleWebKit/537.36 (KHTML, like Gecko) Chrome/37.0.2062.124 Safari/537.36', '127.0.0.1', 1412221677),
(71, 0, 'Mozilla/5.0 (Windows NT 6.3; WOW64) AppleWebKit/537.36 (KHTML, like Gecko) Maxthon/4.4.2.2000 Chrome/30.0.1599.101 Safari/537.36', '127.0.0.1', 1412223748),
(72, 0, 'Mozilla/5.0 (Windows NT 6.3; WOW64) AppleWebKit/537.36 (KHTML, like Gecko) Maxthon/4.4.2.2000 Chrome/30.0.1599.101 Safari/537.36', '127.0.0.1', 1412227489),
(73, 0, 'Mozilla/5.0 (Windows NT 6.3; WOW64) AppleWebKit/537.36 (KHTML, like Gecko) Chrome/37.0.2062.124 Safari/537.36', '127.0.0.1', 1412230359),
(74, 0, 'Mozilla/5.0 (Windows NT 6.3; WOW64) AppleWebKit/537.36 (KHTML, like Gecko) Chrome/37.0.2062.124 Safari/537.36', '127.0.0.1', 1412248189),
(75, 0, 'Mozilla/5.0 (Windows NT 6.3; WOW64) AppleWebKit/537.36 (KHTML, like Gecko) Maxthon/4.4.2.2000 Chrome/30.0.1599.101 Safari/537.36', '127.0.0.1', 1412398972),
(76, 0, 'Mozilla/5.0 (Windows NT 6.3; WOW64) AppleWebKit/537.36 (KHTML, like Gecko) Chrome/37.0.2062.124 Safari/537.36', '127.0.0.1', 1412422395),
(77, 0, 'Mozilla/5.0 (Windows NT 6.3; WOW64) AppleWebKit/537.36 (KHTML, like Gecko) Chrome/37.0.2062.124 Safari/537.36', '127.0.0.1', 1412424656),
(78, 0, 'Mozilla/5.0 (Windows NT 6.3; WOW64) AppleWebKit/537.36 (KHTML, like Gecko) Maxthon/4.4.2.2000 Chrome/30.0.1599.101 Safari/537.36', '127.0.0.1', 1412495469),
(79, 0, 'Mozilla/5.0 (Windows NT 6.3; WOW64) AppleWebKit/537.36 (KHTML, like Gecko) Chrome/37.0.2062.124 Safari/537.36', '127.0.0.1', 1412496160),
(80, 0, 'Mozilla/5.0 (Windows NT 6.3; WOW64) AppleWebKit/537.36 (KHTML, like Gecko) Chrome/37.0.2062.124 Safari/537.36', '127.0.0.1', 1412514759),
(81, 0, 'Mozilla/5.0 (Windows NT 6.3; WOW64) AppleWebKit/537.36 (KHTML, like Gecko) Chrome/37.0.2062.124 Safari/537.36', '127.0.0.1', 1412514937),
(82, 0, 'Mozilla/5.0 (Windows NT 6.3; WOW64) AppleWebKit/537.36 (KHTML, like Gecko) Chrome/37.0.2062.124 Safari/537.36', '127.0.0.1', 1412515315),
(83, 0, 'Mozilla/5.0 (Windows NT 6.3; WOW64) AppleWebKit/537.36 (KHTML, like Gecko) Maxthon/4.4.2.2000 Chrome/30.0.1599.101 Safari/537.36', '127.0.0.1', 1412529665),
(84, 0, 'Mozilla/5.0 (Windows NT 6.3; WOW64) AppleWebKit/537.36 (KHTML, like Gecko) Maxthon/4.4.2.2000 Chrome/30.0.1599.101 Safari/537.36', '127.0.0.1', 1412568881),
(85, 0, 'Mozilla/5.0 (Windows NT 6.3; WOW64) AppleWebKit/537.36 (KHTML, like Gecko) Chrome/37.0.2062.124 Safari/537.36', '127.0.0.1', 1412569055),
(86, 0, 'Mozilla/5.0 (Windows NT 6.3; WOW64) AppleWebKit/537.36 (KHTML, like Gecko) Maxthon/4.4.2.2000 Chrome/30.0.1599.101 Safari/537.36', '127.0.0.1', 1412602660),
(87, 0, 'Mozilla/5.0 (Windows NT 6.3; WOW64) AppleWebKit/537.36 (KHTML, like Gecko) Maxthon/4.4.2.2000 Chrome/30.0.1599.101 Safari/537.36', '127.0.0.1', 1412680220),
(88, 0, 'Mozilla/5.0 (Windows NT 6.3; WOW64) AppleWebKit/537.36 (KHTML, like Gecko) Maxthon/4.4.2.2000 Chrome/30.0.1599.101 Safari/537.36', '127.0.0.1', 1412771142),
(89, 0, 'Mozilla/5.0 (Windows NT 6.3; WOW64) AppleWebKit/537.36 (KHTML, like Gecko) Maxthon/4.4.2.2000 Chrome/30.0.1599.101 Safari/537.36', '127.0.0.1', 1412850149),
(90, 0, 'Mozilla/5.0 (Windows NT 6.3; WOW64) AppleWebKit/537.36 (KHTML, like Gecko) Maxthon/4.4.2.2000 Chrome/30.0.1599.101 Safari/537.36', '127.0.0.1', 1412867534),
(91, 0, 'Mozilla/5.0 (Windows NT 6.3; WOW64) AppleWebKit/537.36 (KHTML, like Gecko) Maxthon/4.4.2.2000 Chrome/30.0.1599.101 Safari/537.36', '127.0.0.1', 1412875522),
(92, 0, 'Mozilla/5.0 (Windows NT 6.3; WOW64) AppleWebKit/537.36 (KHTML, like Gecko) Maxthon/4.4.2.2000 Chrome/30.0.1599.101 Safari/537.36', '127.0.0.1', 1412919830),
(93, 0, 'Mozilla/5.0 (Windows NT 6.3; WOW64) AppleWebKit/537.36 (KHTML, like Gecko) Maxthon/4.4.2.2000 Chrome/30.0.1599.101 Safari/537.36', '90.188.4.115', 1412950935),
(94, 0, 'Mozilla/5.0 (Windows NT 6.3; WOW64) AppleWebKit/537.36 (KHTML, like Gecko) Maxthon/4.4.2.2000 Chrome/30.0.1599.101 Safari/537.36', '90.188.4.115', 1413030031),
(95, 0, 'Mozilla/5.0 (Windows NT 6.3; WOW64) AppleWebKit/537.36 (KHTML, like Gecko) Maxthon/4.4.2.2000 Chrome/30.0.1599.101 Safari/537.36', '127.0.0.1', 1413038441),
(96, 0, 'Mozilla/5.0 (Windows NT 6.3; WOW64) AppleWebKit/537.36 (KHTML, like Gecko) Maxthon/4.4.2.2000 Chrome/30.0.1599.101 Safari/537.36', '127.0.0.1', 1413041176),
(97, 0, 'Mozilla/5.0 (Windows NT 6.3; WOW64) AppleWebKit/537.36 (KHTML, like Gecko) Maxthon/4.4.2.2000 Chrome/30.0.1599.101 Safari/537.36', '127.0.0.1', 1413088569),
(98, 0, 'Mozilla/5.0 (Windows NT 6.3; WOW64) AppleWebKit/537.36 (KHTML, like Gecko) Maxthon/4.4.2.2000 Chrome/30.0.1599.101 Safari/537.36', '127.0.0.1', 1413090401),
(99, 0, 'Mozilla/5.0 (Windows NT 6.3; WOW64) AppleWebKit/537.36 (KHTML, like Gecko) Maxthon/4.4.2.2000 Chrome/30.0.1599.101 Safari/537.36', '127.0.0.1', 1413093179),
(100, 0, 'Mozilla/5.0 (Windows NT 6.3; WOW64) AppleWebKit/537.36 (KHTML, like Gecko) Maxthon/4.4.2.2000 Chrome/30.0.1599.101 Safari/537.36', '127.0.0.1', 1413096501),
(101, 0, 'Mozilla/5.0 (Windows NT 6.3; WOW64) AppleWebKit/537.36 (KHTML, like Gecko) Maxthon/4.4.2.2000 Chrome/30.0.1599.101 Safari/537.36', '127.0.0.1', 1413096944),
(102, 0, 'Mozilla/5.0 (Windows NT 6.3; WOW64) AppleWebKit/537.36 (KHTML, like Gecko) Maxthon/4.4.2.2000 Chrome/30.0.1599.101 Safari/537.36', '127.0.0.1', 1413097400),
(103, 0, 'Mozilla/5.0 (Windows NT 6.3; WOW64) AppleWebKit/537.36 (KHTML, like Gecko) Maxthon/4.4.2.2000 Chrome/30.0.1599.101 Safari/537.36', '127.0.0.1', 1413104451),
(104, 0, 'Mozilla/5.0 (Windows NT 6.3; WOW64) AppleWebKit/537.36 (KHTML, like Gecko) Maxthon/4.4.2.2000 Chrome/30.0.1599.101 Safari/537.36', '127.0.0.1', 1413127851),
(105, 0, 'Mozilla/5.0 (Windows NT 6.3; WOW64) AppleWebKit/537.36 (KHTML, like Gecko) Maxthon/4.4.2.2000 Chrome/30.0.1599.101 Safari/537.36', '127.0.0.1', 1413350325),
(106, 0, 'Mozilla/5.0 (Windows NT 6.3; WOW64) AppleWebKit/537.36 (KHTML, like Gecko) Maxthon/4.4.2.2000 Chrome/30.0.1599.101 Safari/537.36', '127.0.0.1', 1413369091),
(107, 0, 'Mozilla/5.0 (Windows NT 6.3; WOW64) AppleWebKit/537.36 (KHTML, like Gecko) Maxthon/4.4.2.2000 Chrome/30.0.1599.101 Safari/537.36', '127.0.0.1', 1413426553),
(108, 0, 'Mozilla/5.0 (Windows NT 6.3; WOW64) AppleWebKit/537.36 (KHTML, like Gecko) Maxthon/4.4.2.2000 Chrome/30.0.1599.101 Safari/537.36', '127.0.0.1', 1413719957),
(109, 0, 'Mozilla/5.0 (Windows NT 6.3; WOW64) AppleWebKit/537.36 (KHTML, like Gecko) Maxthon/4.4.2.2000 Chrome/30.0.1599.101 Safari/537.36', '127.0.0.1', 1413729347),
(110, 0, 'Mozilla/5.0 (Windows NT 6.3; WOW64) AppleWebKit/537.36 (KHTML, like Gecko) Maxthon/4.4.2.2000 Chrome/30.0.1599.101 Safari/537.36', '127.0.0.1', 1413732844),
(111, 0, 'Mozilla/5.0 (Windows NT 6.3; WOW64) AppleWebKit/537.36 (KHTML, like Gecko) Maxthon/4.4.2.2000 Chrome/30.0.1599.101 Safari/537.36', '127.0.0.1', 1413825439),
(112, 0, 'Mozilla/5.0 (Windows NT 6.3; WOW64) AppleWebKit/537.36 (KHTML, like Gecko) Maxthon/4.4.2.2000 Chrome/30.0.1599.101 Safari/537.36', '127.0.0.1', 1413883281);

-- --------------------------------------------------------

--
-- Структура таблицы `vii_videos`
--

CREATE TABLE IF NOT EXISTS `vii_videos` (
  `id` int(11) unsigned NOT NULL AUTO_INCREMENT,
  `owner_user_id` int(11) unsigned NOT NULL,
  `public_id` int(11) unsigned NOT NULL,
  `video` text NOT NULL,
  `photo` varchar(255) NOT NULL,
  `title` varchar(65) NOT NULL,
  `descr` text NOT NULL,
  `comm_num` mediumint(8) unsigned NOT NULL,
  `add_date` datetime NOT NULL,
  `privacy` tinyint(3) unsigned NOT NULL,
  `views` mediumint(8) unsigned NOT NULL,
  `albums` int(11) NOT NULL,
  PRIMARY KEY (`id`),
  KEY `owner_user_id` (`owner_user_id`),
  KEY `privacy` (`privacy`),
  KEY `public_id` (`public_id`),
  KEY `add_date` (`add_date`),
  FULLTEXT KEY `title` (`title`)
) ENGINE=MyISAM DEFAULT CHARSET=utf8 AUTO_INCREMENT=1 ;

-- --------------------------------------------------------

--
-- Структура таблицы `vii_videos_albums`
--

CREATE TABLE IF NOT EXISTS `vii_videos_albums` (
  `id` int(11) NOT NULL AUTO_INCREMENT,
  `uid` int(11) NOT NULL,
  `descr` text NOT NULL,
  `photo` varchar(70) NOT NULL,
  `videos_num` int(11) NOT NULL,
  PRIMARY KEY (`id`)
) ENGINE=InnoDB DEFAULT CHARSET=utf8 AUTO_INCREMENT=1 ;

-- --------------------------------------------------------

--
-- Структура таблицы `vii_videos_comments`
--

CREATE TABLE IF NOT EXISTS `vii_videos_comments` (
  `id` int(11) unsigned NOT NULL AUTO_INCREMENT,
  `author_user_id` int(11) unsigned NOT NULL,
  `video_id` int(11) unsigned NOT NULL,
  `text` text NOT NULL,
  `add_date` datetime NOT NULL,
  PRIMARY KEY (`id`),
  KEY `for_fast_select1` (`author_user_id`,`video_id`),
  KEY `add_date` (`add_date`)
) ENGINE=MyISAM DEFAULT CHARSET=utf8 AUTO_INCREMENT=1 ;

-- --------------------------------------------------------

--
-- Структура таблицы `vii_votes`
--

CREATE TABLE IF NOT EXISTS `vii_votes` (
  `id` int(11) NOT NULL AUTO_INCREMENT,
  `title` varchar(80) NOT NULL,
  `answers` text NOT NULL,
  `answer_num` mediumint(8) NOT NULL,
  PRIMARY KEY (`id`)
) ENGINE=MyISAM DEFAULT CHARSET=utf8 AUTO_INCREMENT=1 ;

-- --------------------------------------------------------

--
-- Структура таблицы `vii_votes_result`
--

CREATE TABLE IF NOT EXISTS `vii_votes_result` (
  `id` int(11) NOT NULL AUTO_INCREMENT,
  `user_id` int(11) NOT NULL,
  `vote_id` int(11) NOT NULL,
  `answer` tinyint(3) NOT NULL,
  PRIMARY KEY (`id`),
  KEY `user_id` (`user_id`),
  KEY `vote_id` (`vote_id`),
  KEY `answer` (`answer`)
) ENGINE=MyISAM DEFAULT CHARSET=utf8 AUTO_INCREMENT=1 ;

-- --------------------------------------------------------

--
-- Структура таблицы `vii_wall`
--

CREATE TABLE IF NOT EXISTS `vii_wall` (
  `id` int(11) unsigned NOT NULL AUTO_INCREMENT,
  `author_user_id` int(11) unsigned NOT NULL,
  `for_user_id` int(11) unsigned NOT NULL,
  `text` text NOT NULL,
  `add_date` varchar(15) NOT NULL,
  `fast_comm_id` int(11) unsigned NOT NULL,
  `fasts_num` mediumint(8) unsigned NOT NULL,
  `likes_num` mediumint(8) unsigned NOT NULL,
  `likes_users` text NOT NULL,
  `tell_uid` int(11) unsigned NOT NULL,
  `tell_date` varchar(11) NOT NULL,
  `type` varchar(100) NOT NULL,
  `public` tinyint(1) unsigned NOT NULL,
  `attach` text NOT NULL,
  `tell_comm` text NOT NULL,
  PRIMARY KEY (`id`),
  KEY `for_fast_select1` (`for_user_id`,`author_user_id`),
  KEY `fast_comm_id` (`fast_comm_id`),
  KEY `tell_uid` (`tell_uid`,`tell_date`),
  KEY `add_date` (`add_date`)
) ENGINE=MyISAM DEFAULT CHARSET=utf8 AUTO_INCREMENT=1 ;

-- --------------------------------------------------------

--
-- Структура таблицы `vii_wall_like`
--

CREATE TABLE IF NOT EXISTS `vii_wall_like` (
  `rec_id` int(11) unsigned NOT NULL,
  `user_id` int(11) unsigned NOT NULL,
  `date` varchar(15) NOT NULL,
  KEY `for_fast_select1` (`rec_id`,`user_id`),
  KEY `date` (`date`)
) ENGINE=MyISAM DEFAULT CHARSET=utf8;

-- --------------------------------------------------------

--
-- Структура таблицы `vii_znachok_list`
--

CREATE TABLE IF NOT EXISTS `vii_znachok_list` (
  `id` int(11) NOT NULL AUTO_INCREMENT,
  `price` int(11) NOT NULL,
  `img` varchar(100) CHARACTER SET utf8 NOT NULL,
  PRIMARY KEY (`id`)
) ENGINE=InnoDB  DEFAULT CHARSET=latin1 AUTO_INCREMENT=85 ;

--
-- Дамп данных таблицы `vii_znachok_list`
--

INSERT INTO `vii_znachok_list` (`id`, `price`, `img`) VALUES
(1, 1, '1 '),
(2, 1, '2 '),
(3, 1, '3 '),
(4, 1, '4 '),
(5, 1, '5 '),
(6, 1, '6 '),
(7, 1, '7 '),
(8, 1, '8 '),
(9, 1, '9 '),
(10, 1, '10 '),
(11, 1, '11 '),
(12, 1, '12 '),
(13, 1, '13 '),
(14, 1, '14 '),
(15, 1, '15 '),
(16, 1, '16 '),
(17, 1, '17 '),
(18, 1, '18 '),
(19, 1, '19 '),
(20, 1, '20 '),
(21, 1, '21 '),
(22, 1, '22 '),
(23, 1, '23 '),
(24, 1, '24 '),
(25, 1, '25 '),
(26, 1, '26 '),
(27, 1, '27 '),
(28, 1, '28 '),
(29, 1, '29 '),
(30, 1, '30 '),
(31, 1, '31 '),
(32, 1, '32 '),
(33, 1, '33 '),
(34, 1, '34 '),
(35, 1, '35 '),
(36, 1, '36 '),
(37, 1, '37 '),
(38, 1, '38 '),
(39, 1, '39 '),
(40, 1, '40 '),
(41, 1, '41 '),
(42, 1, '42 '),
(43, 1, '43 '),
(44, 1, '44 '),
(45, 1, '45 '),
(46, 1, '46 '),
(47, 1, '47 '),
(48, 1, '48 '),
(49, 1, '49 '),
(50, 1, '50 '),
(51, 1, '51 '),
(52, 1, '52 '),
(53, 1, '53 '),
(54, 1, '54 '),
(55, 1, '55 '),
(56, 1, '56 '),
(57, 1, '57 '),
(58, 1, '58 '),
(59, 1, '59 '),
(60, 1, '60 '),
(61, 1, '61 '),
(62, 1, '62 '),
(63, 1, '63 '),
(64, 1, '64 '),
(65, 1, '65 '),
(66, 1, '66 '),
(67, 1, '67 '),
(68, 1, '68 '),
(69, 1, '69 '),
(70, 1, '70 '),
(71, 1, '71 '),
(72, 1, '72 '),
(73, 1, '73 '),
(74, 1, '74 '),
(75, 1, '75 '),
(76, 1, '76 '),
(77, 1, '77 '),
(78, 1, '78 '),
(79, 1, '79 '),
(80, 1, '80 '),
(81, 1, '81 '),
(82, 1, '82 '),
(83, 1, '83 '),
(84, 1, '84 ');

/*!40101 SET CHARACTER_SET_CLIENT=@OLD_CHARACTER_SET_CLIENT */;
/*!40101 SET CHARACTER_SET_RESULTS=@OLD_CHARACTER_SET_RESULTS */;
/*!40101 SET COLLATION_CONNECTION=@OLD_COLLATION_CONNECTION */;
